SMILES,ID,Database
CC1=C(C(=O)C=C2C1=CC=C3[C@]24C[C@H]4C[C@@]56[C@]3(CC[C@@]78[C@@]5(C6)C[C@@H](C[C@@H]7C8)CO)C)O,17_3_1_11_13,AfroDb
C[C@@H]1Cc2ccc(c(c2[C@H](N1)C)O)c3c4cccc(c4c(cc3CO)OC)O,17_3_1_17_16,AfroDb
Cc1cc(c2c(c1c3ccc4c(c3O)[C@H](N[C@@H](C4)C)C)cccc2OC)OC,17_3_1_17_17,AfroDb
Cc1cc2c(ccc(c2c(c1)OC)O)c3ccc(c4c3C[C@H](N[C@@H]4C)C)O,17_3_1_17_19,AfroDb
Cc1cc2c(cc(c(c2c(c1)OC)O)c3cc(c4cc(cc(c4c3O)OC)C)c5c(cc(c6c5C[C@H](N[C@@H]6C)C)O)O)c7c(cc8c(c7OC)C(=N[C@H](C8)C)C)O,17_3_1_17_20,AfroDb
COc1ccc2c(c1)oc3c(c2=O)cccc3O,17_3_1_20_22,AfroDb
COc1cccc2c1oc3cc(ccc3c2=O)O,17_3_1_20_24,AfroDb
Cc1cc2c(c(c1)O)C(=O)c3c(cc(cc3O)OC/C=C(\C)/CCC=C(C)C)C2,17_3_1_20_25,AfroDb
CC(=CCC/C(=C/COc1cc2cc3c(c(c2c(c1)O)O)C(=O)C[C@](C3)(C)OC(=O)C)/C)C,17_3_1_20_26,AfroDb
CC1=C(C(C(=C(C1=O)CC2=C(C(C(=C(C2=O)C)O)(C)C)O)O)(C)C)O,17_3_1_20_27,AfroDb
CC(C)C(=O)c1c(c(c(c2c1O[C@@](C=C2)(C)CCC=C(C)C)O)CC3=C(C(C=C(C3=O)C(=O)C(C)C)(C)C)O)O,17_3_1_20_28,AfroDb
CC(=CCOc1cc2cc3c(c(c2c(c1)O)O)C(=O)C[C@@](C3)(C)OC(=O)C)C,17_3_1_20_29,AfroDb
C[N@]1CCc2cc(c(cc2[C@@H]1Cc3ccccc3O)Cc4c5c(cc(c4OC)OC)[C@@H]6c7cc(c(cc7[C@H](C5)C[N@]6C)OC)OC)OC,17_3_1_21_30,AfroDb
C[N@]1CCc2cc(c(cc2[C@@H]1Cc3ccccc3OC)Cc4c5c(cc(c4OC)OC)[C@@H]6c7cc(c(cc7[C@H](C5)C[N@]6C)O)OC)OC,17_3_1_21_31,AfroDb
C[N@]1CCc2cc(c(cc2[C@@H]1Cc3ccccc3OC)Cc4c5c(cc(c4OC)OC)[C@@H]6c7cc(c(cc7[C@H](C5)C[N@]6C)OC)OC)OC,17_3_1_21_32,AfroDb
C[N@]1CCc2cc(c(cc2[C@@H]1Cc3ccc(cc3)O)Cc4c5c(cc(c4OC)OC)[C@@H]6c7cc(c(cc7[C@H](C5)C[N@]6C)O)OC)OC,17_3_1_21_,AfroDb
CC(C)C1=CC2=CC=C3[C@@](C2=C(C1=O)O)(CC[C@H](C3(C)C)OC(=O)c4ccccc4)C,17_31_22_34_,AfroDb
c1ccc2c(c1)[C@@]34CC[N@@]5[C@@H]3[C@@H](C[C@H]6[C@H]4N2C(=O)C(=C6)[C@H]7C[C@@]89c1ccccc1N1[C@H]8[C@H]2[C@H]3C[C@H]9[N@]7CC3=CCO[C@H]2CC1=O)/C(=C/O)/C5,17_3_1_24_35,AfroDb
C=CCSS/C=C/C[S@](=O)CC=C,17_3_1_25_36,AfroDb
CC(=O)OC[C@H]1[C@]2([C@H]3[C@H](C=CC2=O)C(=O)O[C@@H]3[C@@H]4[C@]1(C5=C[C@H](C[C@@H]5O4)c6ccoc6)C)C,17_3_1_28_37,AfroDb
CC(=O)O[C@H]1C[C@H]2[C@@](C=CC(=O)C2(C)C)([C@H]3[C@]1([C@@]45[C@@H](O4)C(=O)O[C@@H]([C@]5(CC3)C)c6ccoc6)C)C,17_3_1_28_38,AfroDb
C/C=C(\C)/C(=O)CO[C@H]1C[C@@H]([C@]2(CO[C@@H]3[C@H]2[C@@]14CO[C@@]([C@@H]4[C@]([C@H]3O)(C)[C@]56C[C@@H]7[C@H]([C@H]5O6)[C@]89[C@@H](O7)OC=C8O9)(COC(=O)C)O)COC(=O)C)OC(=O)C,17_3_1_28_39,AfroDb
C/C=C/1\C[N@@]2CC[C@@]34Cc5cc(ccc5N([C@@]36[C@@H]2C[C@@H]1[C@@]4(CO6)C(=O)OC)C)O,17_3_1_3_1,AfroDb
CC(=CCc1cc(ccc1O)/C=C/C(=O)c2cc(c(cc2O)O)CC=C(C)C)C,17_3_1_32_44,AfroDb
CC1(C=Cc2c(ccc(c2O)C(=O)/C=C/c3ccc(cc3)O)O1)C,17_3_1_32_45,AfroDb
CC1(C=Cc2cc(ccc2O1)C=CC(=O)c3ccc(cc3O)O)C,17_3_1_32_46,AfroDb
CC1=C(C(=O)C=C2C1=CC=C3[C@]24C[C@H]4C[C@@]56[C@]3(CC[C@@]78[C@@]5(C6)C[C@@H](C[C@@H]7C8)CO)C)O,17_3_1_38_52,AfroDb
C[C@@H]1Cc2ccc(c(c2[C@H](N1)C)O)c3c4cccc(c4c(cc3CO)OC)O,17_3_1_38_53,AfroDb
Cc1cc(c2c(c1c3ccc4c(c3O)[C@H](N[C@@H](C4)C)C)cccc2OC)OC,17_3_1_39_54,AfroDb
Cc1cc2c(ccc(c2c(c1)OC)O)c3ccc(c4c3C[C@H](N[C@@H]4C)C)O,17_3_3_41_59,AfroDb
Cc1cc2c(cc(c(c2c(c1)OC)O)c3cc(c4cc(cc(c4c3O)OC)C)c5c(cc(c6c5C[C@H](N[C@@H]6C)C)O)O)c7c(cc8c(c7OC)C(=N[C@H](C8)C)C)O,17_3_1_41_60,AfroDb
COc1ccc2c(c1)oc3c(c2=O)cccc3O,17_3_1_5_3,AfroDb
COc1cccc2c1oc3cc(ccc3c2=O)O,17_3_1_6_4,AfroDb
Cc1cc2c(c(c1)O)C(=O)c3c(cc(cc3O)OC/C=C(\C)/CCC=C(C)C)C2,17_3_1_7_10,AfroDb
CC(=CCC/C(=C/COc1cc2cc3c(c(c2c(c1)O)O)C(=O)C[C@](C3)(C)OC(=O)C)/C)C,17_3_1_7_6,AfroDb
CC1=C(C(C(=C(C1=O)CC2=C(C(C(=C(C2=O)C)O)(C)C)O)O)(C)C)O,17_3_1_7_7,AfroDb
CC(C)C(=O)c1c(c(c(c2c1O[C@@](C=C2)(C)CCC=C(C)C)O)CC3=C(C(C=C(C3=O)C(=O)C(C)C)(C)C)O)O,17_3_1_7_8,AfroDb
CC(=CCOc1cc2cc3c(c(c2c(c1)O)O)C(=O)C[C@@](C3)(C)OC(=O)C)C,17_3_1_7_9,AfroDb
C[N@]1CCc2cc(c(cc2[C@@H]1Cc3ccccc3O)Cc4c5c(cc(c4OC)OC)[C@@H]6c7cc(c(cc7[C@H](C5)C[N@]6C)OC)OC)OC,17_3_1_9_8,AfroDb
C[N@]1CCc2cc(c(cc2[C@@H]1Cc3ccccc3OC)Cc4c5c(cc(c4OC)OC)[C@@H]6c7cc(c(cc7[C@H](C5)C[N@]6C)O)OC)OC,17_3_2_61,AfroDb
C[N@]1CCc2cc(c(cc2[C@@H]1Cc3ccccc3OC)Cc4c5c(cc(c4OC)OC)[C@@H]6c7cc(c(cc7[C@H](C5)C[N@]6C)OC)OC)OC,17_3_2_62,AfroDb
C[N@]1CCc2cc(c(cc2[C@@H]1Cc3ccc(cc3)O)Cc4c5c(cc(c4OC)OC)[C@@H]6c7cc(c(cc7[C@H](C5)C[N@]6C)O)OC)OC,17_3_2_63,AfroDb
CC(C)C1=CC2=CC=C3[C@@](C2=C(C1=O)O)(CC[C@H](C3(C)C)OC(=O)c4ccccc4)C,17_3_2_64,AfroDb
c1ccc2c(c1)[C@@]34CC[N@@]5[C@@H]3[C@@H](C[C@H]6[C@H]4N2C(=O)C(=C6)[C@H]7C[C@@]89c1ccccc1N1[C@H]8[C@H]2[C@H]3C[C@H]9[N@]7CC3=CCO[C@H]2CC1=O)/C(=C/O)/C5,17_3_3_20_23,AfroDb
C=CCSS/C=C/C[S@](=O)CC=C,17_3_3_63,AfroDb
CC(=O)OC[C@H]1[C@]2([C@H]3[C@H](C=CC2=O)C(=O)O[C@@H]3[C@@H]4[C@]1(C5=C[C@H](C[C@@H]5O4)c6ccoc6)C)C,17_3_3_64,AfroDb
CC(=O)O[C@H]1C[C@H]2[C@@](C=CC(=O)C2(C)C)([C@H]3[C@]1([C@@]45[C@@H](O4)C(=O)O[C@@H]([C@]5(CC3)C)c6ccoc6)C)C,17_3_3_65,AfroDb
C/C=C(\C)/C(=O)CO[C@H]1C[C@@H]([C@]2(CO[C@@H]3[C@H]2[C@@]14CO[C@@]([C@@H]4[C@]([C@H]3O)(C)[C@]56C[C@@H]7[C@H]([C@H]5O6)[C@]89[C@@H](O7)OC=C8O9)(COC(=O)C)O)COC(=O)C)OC(=O)C,17_3_4_67,AfroDb
C/C=C/1\C[N@@]2CC[C@@]34Cc5cc(ccc5N([C@@]36[C@@H]2C[C@@H]1[C@@]4(CO6)C(=O)OC)C)O,17_3_4_68,AfroDb
CC(=CCc1cc(ccc1O)/C=C/C(=O)c2cc(c(cc2O)O)CC=C(C)C)C,17_3_4_70,AfroDb
CC1(C=Cc2c(ccc(c2O)C(=O)/C=C/c3ccc(cc3)O)O1)C,17_3_4_73,AfroDb
CC1(C=Cc2cc(ccc2O1)C=CC(=O)c3ccc(cc3O)O)C,17_3_4_74,AfroDb
CC(C)(/C=C/c1c(cc(c2c1oc(=O)cc2)OC)OC)O,17_3_4_75,AfroDb
CC(=C[C@@H]1c2c(c3ccc(c(c3n(c2=O)C)OC)OC)O[C@H]4[C@H]1OCc5c4c(=O)n(c6c5ccc(c6OC)OC)C)C,17_3_6_5,AfroDb
CC(=C)[C@H]1CC[C@]2([C@H]1[C@@H]3CC[C@H]4[C@@]5(CC[C@@H](C([C@@H]5CC[C@]4([C@@]3(CC2)C)C)(C)C)OC(=O)/C=C/c6ccc(cc6)O)C)C(=O)O,17,AfroDb
CC(C)[C@H]\1CCC(=C)[C@H](CC[C@](/C=C1)(C)O)O,17_3_1_11_12,AfroDb
CC(C)C1=CC[C@]2([C@H](CC[C@]([C@H]2C1)(C)O)O)C,ABD_UD_001,AfroDb
Cc1cc2c(c(c1)O)C(=O)c3c(cccc3O)[C@@]2(c4ccc5c(c4O)C(=O)c6c(cc(c(c6C5=O)O)C)O)O,ABD_UD_002,AfroDb
C[N@]1CCc2cc(c(c3c2[C@H]1Cc4ccc(c(c4)Oc5ccc(cc5)C[C@H]6c7c(cc(cc7O3)OC)CCN6)O)OC)OC,ABD_UD_002B_1,AfroDb
c1cc(ccc1/C=C/C(=O)O)O,ABD_UD_002D,AfroDb
CC(=CCC1=C(C(=O)c2ccccc2C1=O)O)C,ABD_UD_003,AfroDb
Cc1cc(c(c(c1C(=O)Oc2cc(c(c(c2C)O)C(=O)OC)C)O)C=O)O,ABD_UD_004,AfroDb
C=C/C=C(\C=C)/C=C/C(=O)O[C@H]1[C@@H]2C=CO[C@@H]([C@H]2[C@]3([C@@H]1O3)CO)O[C@H]4[C@@H]([C@@H]([C@@H]([C@H](O4)CO)O)O)O,ABD_UD_005,AfroDb
C[C@H]1C[C@H]2[C@H](C[C@@]1(C)O)C3=CC[C@@H]4[C@]5(C[C@@H]([C@H](C([C@H]5CC[C@@]46[C@@]3(C6)C[C@@H]2C(=O)O)(C)C)O)O)C,ABD_UD_006,AfroDb
CC(=O)O[C@H]1CCC([C@@]2([C@H]1C[C@H]3CC4=C(CCO4)C(=O)[C@@H]3[C@@H]2O)O)(C)C,ABD_UD_007,AfroDb
CN1Cc2c(ccc(c2OC)OC)-c3c1c4cc5c(cc4cc3)OCO5,ABD_UD_008,AfroDb
CC(=O)C[C@@H]1c2c(ccc(c2OC)OC)-c3ccc4cc5c(cc4c3N1C)OCO5,ABD_UD_010,AfroDb
c1cc(c(cc1[C@@H]2[C@H](Cc3c(cc(c(c3O2)[C@@H]4c5c(cc(cc5O[C@@H]([C@@H]4O)c6ccc(c(c6)O)O)O)O)O)O)O)O)O,ABD_UD_011,AfroDb
c1cc(c(cc1[C@@H]2[C@H](Cc3c(cc(c(c3O)[C@@H]4c5ccc(cc5O[C@@H]([C@@H]4O)c6ccc(c(c6)O)O)O)O)O2)O)O)O,ABD_UD_012,AfroDb
c1cc(c(c(c1)O)C(=O)c2cc(ccc2O)O)O,ABD_UD_013,AfroDb
CC(C)[C@@]([C@@H]1[C@@H]2[C@@H]([C@H](O1)O)[C@@]34C[C@@]35CCC6=C(C5=C[C@H]4O2)CC[C@H]7[C@@]6(CC[C@H](C7)O)C)(C(=O)C)O,ABD_UD_014,AfroDb
CC(C)[C@@]([C@@H]1[C@@H]2[C@@H]([C@H](O1)O)[C@@]34C[C@@]35CCC6=C(C5=C[C@H]4O2)CC[C@H]7[C@@]6(CC[C@@H](C7)[C@@]8([C@@H]([C@H]([C@@H]([C@H](O8)CO)O)O)O)O)C)(C(=O)C)O,ABD_UD_015,AfroDb
COc1cc(ccc1O)CC=C,ABD_UD_016,AfroDb
Cn1c2ccccc2c(=O)c3c1c(c(c(c3O)OC)OC)OC,AN_UY_001,AfroDb
Cn1c2ccccc2c(=O)c3c1cccc3O,AN_UY_002,AfroDb
C[C@@H]1C[C@H]2C[C@]23CC[C@]4(C(=CC[C@H]5[C@]4(CC[C@H]6[C@@]5(CC[C@H](C6)O)C)C)[C@H]3[C@@H]1C)C,AN_UY_003,AfroDb
CC(=CCC/C(=C\C=O)/C)C,AN_UY_004,AfroDb
CC(=CCC/C(=C/C=O)/C)C,AN_UY_005,AfroDb
CC(=CCCC(=C)C=C)C,AN_UY_006,AfroDb
C/C/1=C/[C@H]2[C@H]([C@@H](C[C@@](/C=C/C1=O)(C)O)OC(=O)C(C)C)C(=C)C(=O)O2,AN_UY_007,AfroDb
Cc1cc2ccc(c(c2cc1OC)O)c3ccc4c(c3O)[C@H](N[C@@H](C4)C)C,AN_UY_008,AfroDb
CC1=C(C(=O)C(=C2C1=CC=C3[C@@]24C[C@@H]4C[C@@]56[C@]37C[C@H]7C[C@@]8([C@@]5(C6)CC(=C)CC8)C(=O)OC)C)O,AN_UY_009,AfroDb
C[C@@H]1[C@H]([C@@H]([C@@H]([C@@H](O1)Oc2ccc(cc2O)c3c(c(=O)c4c(cc(cc4o3)O)O)O[C@@H]5[C@H]([C@@H]([C@@H]([C@H](O5)CO)O)O)O)O)O)O,AN_UY_010,AfroDb
COc1cc(ccc1O)/C=C\C(=O)O[C@H]2[C@@H](O[C@@H]([C@H]([C@@H]2O)O)CO)c3c(c4c(=O)cc(oc4c(c3O)[C@@H]5[C@H]([C@@H]([C@H]([C@@H](O5)CO)O)O)O)c6ccc(cc6)O)O,AN_UY_011,AfroDb
c1cc(ccc1c2cc(=O)c3c(cc(c(c3o2)[C@H]4[C@@H]([C@H]([C@@H]([C@H](O4)CO)O)O)O)O)O)O,AN_UY_012,AfroDb
c1cc2c3cc(c(cc3c(=O)[nH]c2c4c1cc5c(c4)OCO5)O)O,AN_UY_012B,AfroDb
C[C@@H]1[C@H]([C@@H]([C@@H](O[C@H]1O[C@@H]2[C@H]([C@@H]([C@H](O[C@H]2O[C@H]3CC[C@@]4([C@H]5CC[C@H]6[C@@H]([C@@H]5CC=C4C3)C[C@@H]7[C@@H]6[C@@H]([C@](O7)(CC[C@@H](C)CO[C@H]8[C@@H]([C@H]([C@H]([C@H](O8)CO)O)O)O)OC)C)C)CO)O[C@H]9[C@@H]([C@H]([C@@H]([C@H](O9)C)O[C@@H]1[C@H]([C@H]([C@H]([C@@H](O1)C)O)O)O)O)O)O)O)O)O,AN_UY_012C,AfroDb
C[C@@H]1[C@H]([C@@H]([C@@H](O[C@H]1O[C@@H]2[C@H]([C@@H]([C@H](O[C@H]2O[C@H]3CC[C@@]4([C@H]5CC[C@H]6[C@@H]([C@@H]5CC=C4C3)C[C@H]([C@@H]6C(=O)C)OC(=O)CC[C@@H](C)CO[C@H]7[C@@H]([C@H]([C@H]([C@H](O7)CO)O)O)O)C)CO)O[C@H]8[C@@H]([C@H]([C@@H]([C@H](O8)C)O[C@@H]9[C@H]([C@H]([C@H]([C@@H](O9)C)O)O)O)O)O)O)O)O)O,AN_UY_012D,AfroDb
C[C@]12C[C@H]([C@H]3C(=CC(=O)[C@]4([C@@]3(C[C@@H]([C@@H](C4)O)O)C)O)[C@@]1(CC[C@@H]2[C@](C)([C@H](CCC(C)(C)O)O)O)O)O,AN_UY_012F,AfroDb
CC(C)CC[C@@H]([C@@](C)([C@H]1CC[C@@]2([C@@]1(C[C@H]([C@H]3C2=CC(=O)[C@H]4[C@@]3(C[C@@H]([C@@H](C4)O)O)C)O)C)O)O)O,AN_UY_013_1,AfroDb
C[C@]12CC=C3C(=CC(=O)[C@]4([C@@]3(C[C@@H]([C@@H](C4)O)O)C)O)[C@@]1(CC[C@@H]2[C@](C)([C@H](CCC(C)(C)O)O)O)O,AN_UY_014,AfroDb
CN(C=O)c1c(ccc2c1cc3c(c2)OCO3)c4cc(c(cc4OC)O)OC,AN_UY_014_1,AfroDb
CCCc1cc(=O)oc2c1c(c(c(c2C(=O)[C@@H](C)CC)O)CC=C(C)C)O,AN_UY_015,AfroDb
CC(C)CC(=O)c1c(c(c2c(c1O)c(cc(=O)o2)c3ccccc3)CC=C(C)C)O,AN_UY_015_1,AfroDb
CCCc1cc(=O)oc2c1c(c(c(c2C(=O)CC(C)C)O)CC=C(C)C)O,AN_UY_016,AfroDb
C[C@@H]1[C@H]([C@@H]([C@@H]([C@@H](O1)Oc2c(=O)c3c(cc(cc3oc2c4ccc(c(c4)OC)O)O)O)O)O)O,AN_UY_016B,AfroDb
C[C@H]1[C@H]([C@@H]([C@H]([C@@H](O1)O[C@H]2[C@@H]([C@H](O[C@H]([C@H]2O)Oc3c(=O)c4c(cc(cc4oc3c5ccc(c(c5)OC)O)O)O)CO)O)O)O)O,AN_UY_017_1,AfroDb
c1cc(ccc1c2cc(=O)c3c(o2)cc(c(c3O)[C@H]4[C@@H]([C@H]([C@@H]([C@H](O4)CO)O)O)O)O)O,AN_UY_018,AfroDb
CCCCCCCCCCCCCCCCCC/C=C/[C@@](C)([C@H](CO)NC(=O)[C@H](/C=C/CCCCCCCCCCCCCCCCC)O)O,AN_UY_020,AfroDb
CC(=C)/C=C/c1cc2c(=O)c3c(cccc3oc2c(c1O)OC)O,AN_UY_021,AfroDb
C[C@]1(C=Cc2c(cc(c3c2c(=O)c4c(cccc4o3)O)O)O1)CCC=C,AN_UY_022_1,AfroDb
CC1(C=Cc2c(cc(c3c2oc4ccc(c(c4c3=O)O)O)O)O1)C,AN_UY_023,AfroDb
CC(=CCc1cc2c(=O)c3c(cccc3oc2c(c1O)OC)O)C,AN_UY_024,AfroDb
CC(=CCc1ccc(c2c1oc3cc4c(cc3c2=O)OC(C=C4)(C)C)c5c6c(c(c(c5OC)O)O)c(=O)c7c(cccc7o6)O)C,AN_UY_025,AfroDb
CC(=CCc1c(cc2c(c1O)c(=O)c3cc(ccc3o2)OC)O)C,AN_UY_026,AfroDb
CC(=CCc1c(cc(c2c1oc3ccc(cc3c2=O)OC)O)O)C,AN_UY_027,AfroDb
CC(C)(C=C)c1c(cc(c2c1oc3ccc(cc3c2=O)OC)O)O,AN_UY_028_1,AfroDb
CC(C)(C=C)c1c(cc2c(c1O)c(=O)c3cc(ccc3o2)OC)O,AN_UY_029_1,AfroDb
COc1ccc2c(c1)c(=O)c3c(o2)cc(c(c3O)CC=C)O,AN_UY_030,AfroDb
CC1(C=Cc2c(cc3c(c2O)c(=O)c(co3)c4ccc(cc4)O)O1)C,AN_UY_032,AfroDb
CC1(C=Cc2c(cc3c(c2OC)c(=O)c(co3)c4ccc(cc4)OC)O1)C,AN_UY_033,AfroDb
CC(=CCc1c2c(c(c3c1O[C@H](C3)C(C)(C)O)O)c(=O)c(co2)c4ccc(cc4)O)C,AN_UY_034,AfroDb
Cc1ccc(cc1)c2coc3c(c(c(c(c3c2=O)O)CC=C(C)C)O)C[C@H](C(=C)C)O,AN_UY_035,AfroDb
CCCCCCCCCCCCCCCCCCCCCCCCCCCCOC(=O)/C=C/c1ccc(c(c1)OC)O,AN_UY_036,AfroDb
c1cc2c(=O)c3c(cccc3oc2c(c1)O)O,AN_UY_039,AfroDb
COc1cc(c2c(c1)oc3c(c2=O)cc(c(c3O)O)OC)O,AN_UY_040,AfroDb
COc1cc(ccc1O)[C@@H]2c3cc(c(cc3C[C@@H]([C@H]2CO)CO)OC)OC,AN_UY_041_1,AfroDb
C[C@@]12CC[C@@]3(C(=CC[C@H]4[C@]3(CC[C@@H]5[C@@]4(CC[C@@H](C5(C)C)OC(=O)/C=C/c6ccc(c(c6)OC)O)C)C)[C@H]1CC(CC2)(C)C)C,AN_UY_042_1,AfroDb
CC(=CCC/C(=C\Cc1c(cc2c(c1O)c(=O)c3c(o2)cc(c4c3C=CC(O4)(C)C)O)O)/C)C,AN_UY_045_1,AfroDb
CC(=CCc1c(cc2c(c1O)c(=O)c3c4c(c(c(c3o2)CC=C(C)C)O)OC(C=C4)(C)C)O)C,AN_UY_046,AfroDb
CC/C(=C/Cc1c2c(cc(c1OC)OC)oc3cc4c(cco4)c(c3c2=O)O)/C,AN_UY_048,AfroDb
CC(=CCc1c(c(cc2c1oc3cc4c(c(c3c2=O)O)C=CC(O4)(C)C)O)O)C,AN_UY_049,AfroDb
C[C@@H]1C(c2c(cc(c3c2oc4c(c3=O)c(cc(c4OC)O)CC=C(C)C)O)O1)(C)C,AN_UY_050,AfroDb
COc1c(cc2c3c1oc(=O)c4c3c(c(c(c4)O[C@H]5[C@@H]([C@H]([C@@H](CO5)O)O)O)OC)oc2=O)C(=O)c6cc(c(c(c6)O)O)O,BMC_00046,AfroDb
Cc1c(ccc2c1C(=O)c3ccccc3C2=O)CCC(=O)C,BMC_0001,AfroDb
COc1ccc2c(c1)OC(=O)CC2,BMC_00010,AfroDb
CC(=CCCc1c(ccc(c1O)C(=O)/C=C/c2ccc(cc2)O)O)C,BMC_000101,AfroDb
CC(=O)O[C@@H]1CC[C@@]2([C@H](C1(C)C)CC[C@]3([C@@H]2CC=C4[C@]3(CC[C@]5([C@@H]4CC(CC5)(C)C)C)C)C)C,BMC_000103,AfroDb
c1cc(c(cc1[C@@H]2[C@H](Cc3c(cc(cc3O2)O)O)O)O)O,BMC_000104,AfroDb
c1cc(ccc1[C@@H]2[C@H](Cc3c(cc(cc3O2)O)O)O)O,BMC_000105,AfroDb
CC[C@@H](C)C/C=C/[C@H](C)[C@@H]1CC[C@@H]2[C@]1(CC[C@H]3[C@@H]2CC=C4[C@]3(CC[C@H](C4)O)C)C,BMC_000106,AfroDb
CC(=C)[C@H]1C[C@@H]2C[C@]23[C@H]1C[C@H]4C[C@@]5([C@H]6CC[C@@H]7C([C@H]6[C@@H](O7)C[C@]58C[C@@H]8[C@@]4(C3)C)(C)C)C,BMC_00011,AfroDb
CC(=C)[C@@H]1CC[C@@]2([C@H]1[C@@]3(CC[C@@H]4[C@]5(CC[C@H](C([C@H]5CC[C@@]4([C@@]3(CC2)C)C)(C)C)C(=O)/C=C/c6ccc(cc6)O)C)C)C(=O)O,BMC_000112,AfroDb
C[C@]12CC[C@H](C([C@H]1CC[C@@]3([C@@H]2CC/C=C/4\[C@H](COC4=O)O)CO3)(C)C)O,BMC_000116,AfroDb
CC(C)C1=CC[C@]2([C@H](CC[C@]([C@H]2C1)(C)O)O)C,BMC_000117,AfroDb
CC(C)[C@@H]\1CCC(=C)[C@H](CC[C@](/C=C1)(C)O)O,BMC_000118,AfroDb
C/C/1=C/CC[C@@](/C=C/[C@@H](CC1)C(C)C)(C)O,BMC_000119,AfroDb
CC1=CC(=O)CC([C@@]1(/C=C/[C@H](C)O)O)(C)C,BMC_00012,AfroDb
CC(=CCCc1c(ccc(c1O)C(=O)/C=C/c2ccc(cc2)O)O)C,BMC_00013,AfroDb
C[C@@H]1CC[C@]2(CC[C@@]3([C@@H]([C@H]2[C@@H]1C)CC(=O)[C@]45[C@]3(CC[C@H]6[C@]4(C5)CC[C@H](C6(C)C)OC(=O)C)C)C)C,BMC_00014,AfroDb
C[C@@H]1CC[C@]2(CC[C@@]3([C@@H]([C@H]2[C@@H]1C)CC[C@]45[C@]3(CC[C@H]6[C@]4(C5)CC[C@H](C6(C)C)OC(=O)C)C)C)C,BMC_00015,AfroDb
c1cc(ccc1[C@@H]2CC(=O)c3c(cc(c(c3O2)c4c(ccc(c4O)O)c5cc(=O)c6c(cc(cc6o5)O)O)O)O)O,BMC_00016,AfroDb
c1cc(ccc1c2cc(=O)c3c(cc(cc3o2)O)O)Oc4cc(ccc4O)c5cc(=O)c6c(cc(cc6o5)O)O,BMC_00017,AfroDb
c1cc(c(cc1c2cc(=O)c3c(cc(cc3o2)O)O)O)O,BMC_00019,AfroDb
C[C@@H]1CC[C@]2(CC[C@@]3(C(=CC[C@]45[C@]3(CC[C@H]6[C@]4(C5)CC[C@H](C6(C)C)O)C)[C@H]2[C@@H]1C)C)C(=C)C,BMC_0002,AfroDb
C[C@]12C[C@H]([C@@H]3[C@H]4[C@H](CC(=O)[C@H]3[C@]15[C@@H](O5)C(=O)O[C@H]2c6ccoc6)CO[C@@]4(C)O)O,BMC_00020,AfroDb
CC[C@]1([C@@H]2[C@H](CC(=O)[C@@H]3[C@@H]2[C@@H](C[C@]4([C@@]35[C@@H](O5)C(=O)O[C@H]4c6ccoc6)C)O)CO1)C,BMC_00021,AfroDb
C[C@]12C[C@H]([C@H]3[C@H]([C@]14[C@@H](O4)C(=O)O[C@H]2c5ccoc5)C(=O)C[C@@H]6[C@]3([C@@H](CC(=O)OC6(C)C)O)C)O,BMC_00022,AfroDb
C[C@]12C[C@H]([C@H]3[C@H]([C@]14[C@@H](O4)C(=O)O[C@H]2c5ccoc5)C(=O)C[C@@H]6[C@]3(C(=CC(=O)OC6(C)C)O)C)O,BMC_00023,AfroDb
CC(=O)OC[C@H](Cc1ccccc1)NC(=O)[C@@H](Cc2ccccc2)NC(=O)c3ccccc3,BMC_00024,AfroDb
CC[C@@H](CC[C@H](C)[C@@H]1CC[C@H]2[C@@]1(CC[C@@H]3[C@@H]2CC=C4[C@@]3(CCC[C@@H]4O[C@@H]5[C@@H]([C@@H]([C@H](CO5)O)O)O)C)C)C(C)C,BMC_00026,AfroDb
COc1cc(oc(=O)c1)/C=C/c2cccc(c2)O,BMC_00029,AfroDb
COc1cc(ccc1O)CCOCCCCCCCCCCCCCCCCCCCCCCCCCCCCCCOC(=O)/C=C/c2ccc(c(c2)OC)O,BMC_0003,AfroDb
COc1cc(oc(=O)c1)/C=C/c2ccc(cc2)O,BMC_00030,AfroDb
Cc1c2c(cc3c1C(=O)c4ccccc4C3=O)[C@@](CC2)(C)O,BMC_00031,AfroDb
C[C@]1(CCc2ccc3c(c2C1)C(=O)c4ccccc4C3=O)O,BMC_00032,AfroDb
COc1cc(c2c(c1)occ(c2=O)c3cc(c(c(c3)OC)OC)O)O,BMC_00033,AfroDb
COc1cc(c2c(c1)occ(c2=O)c3cc(c(c(c3)OC)OC)[C@@H]4[C@H]([C@@H]([C@H]([C@@H](O4)CO)O)O)O)O,BMC_00034,AfroDb
CC[C@@H](/C=C/[C@H](C)[C@@H]1CC[C@H]2[C@@]1(CC[C@@H]3[C@@H]2CC=C4[C@@]3(CCC[C@@H]4O[C@@H]5[C@@H]([C@@H]([C@H](CO5)O)O)O)C)C)C(C)C,BMC_00035,AfroDb
Cc1cc2c(cc1O)C(=O)C[C@@]([C@@H]2C(=O)C)(C)O,BMC_00036,AfroDb
CC(=O)CCc1cc(c2c(c1)O[C@H](CC2=O)CO)O,BMC_00037,AfroDb
Cc1cc(cc2c1cc3c(c2)[C@@H]([C@](CC3=O)(C)O)C(=O)C)OC,BMC_00038,AfroDb
CC(=O)CCc1cc(cc2c1C(=O)C[C@@H](O2)CO)O,BMC_00039,AfroDb
c1cc(ccc1/C=C/C(=O)O)O,BMC_0004,AfroDb
C[C@H]1CC(=O)c2c(cc(cc2O1)O)CCC(=O)C,BMC_00040,AfroDb
COc1c(cc2c3c1oc(=O)c4c3c(c5c(c4)OCO5)oc2=O)[C@H]6[C@@H]([C@H]([C@@H]([C@H](O6)CO)O)O)O,BMC_00041,AfroDb
COc1ccc2c3c1oc(=O)c4c3c(c5c(c4)OCO5)oc2=O,BMC_00042,AfroDb
COc1cc2c3c4c(cc(c(c4oc2=O)OC)c5cc6c7c8c(cc9c(c8oc6=O)OCO9)c(=O)oc7c5OC)c(=O)oc3c1OC,BMC_00043,AfroDb
Cc1cc2c3c4c(cc(c(c4oc2=O)OC)O)c(=O)oc3c1OC,BMC_00044,AfroDb
Cc1cc2c3c4c(cc(c(c4oc2=O)OC)O)c(=O)oc3c1O[C@H]5[C@@H]([C@H]([C@@H](CO5)O)O)O,BMC_00045,AfroDb
CC1=CC(=O)c2c(cccc2O)C1=O,BMC_00047,AfroDb
CC(C)[C@@H]1CC[C@]2([C@@H]1[C@@H]3CC[C@@H]4[C@]([C@]3(CC2)C)(CC[C@H]5[C@@]4(C(=O)C=CC5(C)C)C)C)C,BMC_00048,AfroDb
CC(=C)[C@@H]1CC[C@]2([C@@]1([C@@H]3CC[C@H]4[C@]5(CC[C@@H](C([C@H]5CC[C@]4([C@]3(CC2)C)C)(C)C)O)C)C)C(=O)O,BMC_00049,AfroDb
c1cc(ccc1CCO[C@@H]2[C@H]([C@@H]([C@H]([C@@H](O2)COC(=O)/C=C/c3ccc(cc3)O)O)O)O)O,BMC_0005,AfroDb
c1cc(c(c(c1)O)C(=O)c2cc(ccc2O)O)O,BMC_00050,AfroDb
c1cc2c(=O)c3ccc(cc3oc2c(c1)O)O,BMC_00051,AfroDb
COc1cccc2c1oc3cc(ccc3c2=O)O,BMC_00052,AfroDb
C[C@H]1C(=O)CC[C@@H]2[C@]1(CC[C@H]3[C@@]2(CC[C@]4([C@@]3(CC[C@]5([C@@H]4CC(CC5)(C)C)C)C)C)C)C,BMC_00053,AfroDb
Cc1cc(c2c(c1O)cc3c(c2O)C(=O)C(=C(C3(CCC=C(C)C)CCC=C(C)C)O)CCC=C(C)C)O,BMC_00054,AfroDb
Cc1cc2cc3c(c(c2c(c1CCC=C(C)C)O)O)C(=O)C=C(C3(CCC=C(C)C)CCC=C(C)C)O,BMC_00055,AfroDb
Cc1cc(c2c(c1CCC=C(C)C)cc3c(c2O)C(=O)C=C(C3(CCC=C(C)C)CCC=C(C)C)O)O,BMC_00056,AfroDb
Cc1c(c2cc3c(c(c2c(c1CCC=C(C)C)O)O)C(=O)C=C([C@@H]3CCC=C(C)C)O)CCC=C(C)C,BMC_00057,AfroDb
Cc1cc(c2c(c1CCC=C(C)C)cc3c(c2O)C(=O)C=C([C@@H]3CCC=C(C)C)O)O,BMC_00058,AfroDb
CC(=CCC[C@H]1C[C@]23C[C@@H](C(OC2=C(C(=O)[C@@](C3=O)(C1(C)C)CCC=C(C)C)C(=O)c4ccc(c(c4)O)O)(C)C)CCC=C(C)C)C,BMC_00059,AfroDb
CC/C(=C/CCc1c2c(c(c3c1OC(C=C3)(C)C)O)c(=O)c4cc(c(c(c4o2)O)CCC=C(C)C)O)/C,BMC_0006,AfroDb
CC(C)(C=C)c1c(cc(c2c1oc3cc(c(cc3c2=O)O)O)O)O,BMC_00060,AfroDb
CC(=CCCc1c(c2c(=O)c3cccc(c3oc2c(c1O)C(C)(C)C=C)O)O)C,BMC_00061,AfroDb
c1cc(c2c(c1)oc3ccc(cc3c2=O)O)O,BMC_00062,AfroDb
CC(=CCCc1c(cc2c(c1O)c(=O)c3cc(c(cc3o2)O)O)O)C,BMC_00063,AfroDb
c1cc(c(cc1[C@@H]2[C@H](Cc3c(cc(cc3O2)O)O)O)O)O,BMC_00064,AfroDb
CC(=CCCc1c2c(c(c3c1OC(C=C3)(C)C)O)c(=O)c4cc(c(c(c4o2)O)OC)OC)C,BMC_00065,AfroDb
CC(=CCCc1c(c2c(=O)c3cc(c(c(c3oc2c4c1OC(C=C4)(C)C)O)OC)OC)O)C,BMC_00066,AfroDb
CC(=CCCc1c(c(c2c(c1O)c(=O)c3cc(c(c(c3o2)O)OC)OC)CCC=C(C)C)O)C,BMC_00067,AfroDb
CCC[C@]12C[C@@H]([C@@]([C@](C1=O)(C(=O)C(=C2O)C(=O)c3ccc(c(c3)O)O)CCC=C(C)C)(C)CC/C=C(\C)/CC)CCC=C(C)C,BMC_00068,AfroDb
Cc1cc(c2c(c1[C@@H]3c4cc5cc(cc(c5c(c4C(=O)C[C@]3(C)O)O)O)CC/C=C(\C)/CCC=C(C)C)C(=O)c6cc(cc(c6C2=O)O)O)O,BMC_00069,AfroDb
c1cc(=O)oc2c1cc3ccoc3c2,BMC_0007,AfroDb
CC(=CCCc1cc(c2c(c1O)c(=O)c3c(c(c(c(c3o2)CCC=C(C)C)O)O)CCC=C(C)C)O)C,BMC_00070,AfroDb
C[C@@H]1CC[C@]2([C@H]([C@@]1(C)CCc3ccoc3)CCC=C2C(=O)O)C,BMC_00074,AfroDb
CC(=CCCC1(c2c(c(=O)c(co2)c3ccc4c(c3)OCO4)C=C(C1=O)OC)CCC=C(C)C)C,BMC_00076,AfroDb
C[C@]12CC[C@@]3(CCC(C[C@@H]3C1=CC[C@]4([C@@H]2CC[C@@]5([C@]4(CC[C@H](C5(C)C)O)C)C)C)(C)C)OC(=O)[C@H]([C@@H]([C@H]([C@@H](CO)O)O)O)O,BMC_00077,AfroDb
C[C@@H](/C=C(/c1cc(cc(c1O)O)[C@H]2CC(=O)C3=C(O2)C[C@H](C=C3O)O)\O)C=O,BMC_00078,AfroDb
CC(=CCCOc1cc(cc2c1OC([C@H]([C@H]2O)O)(C)C)[C@H]3CC(=O)c4c(cc(cc4O3)O)O)C,BMC_00079,AfroDb
COc1c2ccc(=O)oc2cc3c1cco3,BMC_0008,AfroDb
CC(=O)O[C@@H]1C[C@H]2[C@]([C@@H](CC(=O)OC2(C)C)O)([C@H]3[C@@]1([C@@]45[C@H](O4)C(=O)O[C@H]([C@@]5(C[C@@H]3O)C)c6ccoc6)C)C,BMC_00080,AfroDb
C[C@H](CCC(=C)C(C)C)[C@@H]1CC[C@@]2([C@]1(CC[C@@]34[C@@H]2CC[C@H]5[C@@]3(C4)CC[C@H](C5(C)C)O)C)C,BMC_00081,AfroDb
CC(=O)Oc1cocc1C[C@H]2C(=C)CC[C@@H]3[C@]2(CCCC3(C)C)C,BMC_00082,AfroDb
C[C@]12CCC(C[C@@H]1CCC(=C)[C@@H]2/C=C(/CC(=O)O)\C=O)(C)C,BMC_00083,AfroDb
CC(=CCC/C(=C/C[C@@]1(C[C@@H](C=CC1=O)O)CC(=O)O)/C)C,BMC_00084,AfroDb
C[C@]12CCC(C[C@@H]1CCC(=C)[C@@H]2Cc3ccoc3CC=O)(C)C,BMC_00085,AfroDb
C/C(=C/c1c(ccc2c1oc(=O)c3c2oc4c3ccc(c4)O[C@H]5[C@H]([C@H]([C@@H](CO5)O)O)O)O)/CO,BMC_00086,AfroDb
CC(=CCC/C(=C/C[C@@]1(C[C@@H](C=CC1=O)O)CC(=O)OC)/C)C,BMC_00087,AfroDb
c1ccc2c(c1)-c3c4c(ccnc4C2=O)cc5c3OCO5,BMC_00089,AfroDb
c1cc2c(cc1O)OC(=O)CC2,BMC_0009,AfroDb
CC(=CCCc1c(cc2c(c1O)c(=O)cc(o2)c3ccc(cc3O)O)O)C,BMC_00090,AfroDb
C/C=C(\C)/CCc1c(c(c(c2c1oc(cc2=O)c3ccc(cc3O)O)O)CCC=C(C)C)O,BMC_00091,AfroDb
CC1=C[C@H]2c3c(cc(cc3O[C@@]4([C@@H]2[C@H](C1)c5ccc(cc5O4)O)c6ccc(c(c6O)CCC=C(C)C)O)c7cc8ccc(cc8o7)O)O,BMC_00092,AfroDb
CC1(C=C(OC1=O)C(C)(C)CCOc2c3ccc(=O)oc3cc4c2cco4)C,BMC_00094,AfroDb
CC(=CCCc1c(=O)c2c(cc3c(c2oc1c4cc(c(cc4O)O)O)C=CC(O3)(C)C)O)C,BMC_00095,AfroDb
CC(C)/C=C/c1c(cc(cc1O)c2cc3ccc(cc3o2)O)O,BMC_00096,AfroDb
C/C=C(\C)/CCc1cc(ccc1O)/C=C/C(=O)c2cc(c(cc2O)O)CC[C@@H](C(=C)C)O,BMC_00099,AfroDb
C[C@H]1C[C@H]2CC([C@@H]([C@@]([C@H]([C@H]2C1)OC(=O)C=Cc3ccccc3)(C)C(C)C)O)(C)C,EA_0002,AfroDb
C[C@H]1C[C@H]2CC([C@@H]([C@@]([C@H]([C@H]2C1)OC(=O)/C=C\c3ccccc3)(C)C(C)C)C(=O)C)(C)C,EA_0003,AfroDb
CC(=O)O[C@H]1[C@@H]2[C@H]([C@]3([C@]([C@H]1OCc4ccccc4)(CCC[C@]3(C)O)C)OC2(C)C)O[C@H]5CC=C(C(=O)N5C)C(=O)O,EA_0004,AfroDb
CC(=O)O[C@H]1[C@@H]2[C@H]([C@]3([C@]([C@H]1OCc4ccccc4)(C[C@H](C[C@]3(C)O)Cc5ccccc5)C)OC2(C)C)O[C@H]6CC=C(C(=O)N6C)C(=O)O,EA_0005,AfroDb
CC[C@H]1[C@@H]2[C@@H]([C@@H]([C@@]3([C@H](CCC([C@]3([C@@H]2O)O1)(C)C)OC(=O)c4ccoc4)C)OC(=O)c5ccoc5)OC(=O)c6ccc(=O)n(c6)C,EA_0006,AfroDb
C[C@@]12CCC[C@]([C@@]13[C@@H]([C@@H]([C@@H]([C@@H]2OCc4ccccc4)O)C(O3)(C)C)O)(C)O,EA_0007,AfroDb
CC(=O)O[C@H]1[C@@H]2[C@H]([C@]3([C@]([C@H]1OCc4ccccc4)(CCC[C@]3(C)O)C)OC2(C)C)O,EA_0008,AfroDb
CC1=C(C(=O)C=C2C1=CC=C3[C@]2(CC[C@@]4([C@@]3(CC[C@]5([C@H]4C[C@](CC5)(C)C(=O)O)C)C)C)C)O,EA_0009,AfroDb
CC1=C(C(=O)C=C2C1=CC=C3[C@]2(CC[C@@]4([C@@]3(CC[C@]5([C@H]4C[C@](CC5)(C)C(=O)OC)C)C)C)C)O,EA_0010,AfroDb
C[C@]12CC[C@@H]3C[C@]([C@H](C[C@]3([C@@]1(CC[C@H]([C@]2(C)C=O)O)C)C)O)(C)C=C,EA_0011,AfroDb
CC(=O)OC[C@H]1c2cc(ccc2O[C@H]1c3ccc(c(c3)OC)OC)/C=C/COC,EA_0012,AfroDb
CC(=O)OC[C@H]1c2cc(ccc2O[C@H]1c3ccc(c(c3)OC)OC)/C=C/COC,EA_0013,AfroDb
COc1ccc(cc1OC)/C=C/C=O,EA_0014,AfroDb
C[C@@H]1CC[C@@]2([C@H]([C@@]3(CC[C@@H]4[C@@H]([C@H]3O2)C(=C[C@H]5[C@]4(CC[C@@H](C5)[C@@H]6[C@@H]([C@@H]([C@@H]([C@@H](O6)CO)O)O)O[C@H]7[C@H]([C@H]([C@H]([C@H](O7)O)O)O)O)C)O)C)C)OC1,EA_0018,AfroDb
C[C@H]1[C@@]2(CC[C@@H]3[C@@H]([C@H]2O[C@]14CCC(=C)CO4)C=C[C@H]5[C@]3(CC[C@@H](C5)[C@@H]6[C@@H]([C@@H]([C@@H]([C@@H](O6)CO)O)O)O[C@H]7[C@H]([C@H]([C@H]([C@H](O7)O)O)O)O)C)C,EA_0019,AfroDb
C[C@@H]1CC[C@@]2([C@H]([C@@]3(CC[C@@H]4[C@@H]([C@H]3O2)C=C[C@H]5[C@]4(CC[C@@H](C5)[C@@H]6[C@@H]([C@@H]([C@@H]([C@@H](O6)CO)O)O)O[C@H]7[C@H]([C@H]([C@H]([C@H](O7)O)O)O)O)C)C)C)OC1,EA_0020,AfroDb
C[C@@H]1CC[C@@]2([C@H]([C@@]3(CC[C@@H]4[C@@H]([C@H]3O2)C=C[C@H]5[C@]4(CC[C@@H](C5)[C@@H]6[C@@H]([C@@H]([C@@H]([C@@H](O6)CO)O)O)O[C@H]7[C@H]([C@H]([C@H]([C@H](O7)O)O)O)O)C)C)C)OC1,EA_0021,AfroDb
C[C@@H]1CC[C@@]2([C@H]([C@@]3(CC[C@@H]4[C@@H]([C@H]3O2)C=C[C@H]5[C@]4(CC[C@@H](C5)[C@@H]6[C@@H]([C@@H]([C@@H]([C@@H](O6)CO)O)O)O[C@H]7[C@H]([C@H]([C@H]([C@H](O7)O)O)O)O)C)C)C)OC1,EA_0022,AfroDb
C[C@@H]1CC[C@@]2([C@H]([C@@]3(CC[C@@H]4[C@@H]([C@H]3O2)C=C[C@H]5[C@]4(CC[C@@H](C5)[C@@H]6[C@@H]([C@@H]([C@@H]([C@@H](O6)CO)O)O)O[C@H]7[C@H]([C@H]([C@H]([C@H](O7)O)O)O)O)C)C)C)OC1,EA_0023,AfroDb
CC1([C@H](Cc2cc3c(cc2O1)CC[C@H]4[C@H]3Oc5c4ccc(c5)O)O)C,EA_0024,AfroDb
c1cc2c(cc1O)O[C@@H]3[C@@H]2COc4c3cc5c(c4)O[C@H](C5)CO,EA_0025,AfroDb
CC(=C)[C@H]1Cc2c(ccc3c2O[C@H]4CCc5cc(c(cc5[C@@H]4C3=O)OC)OC)O1,EA_0026,AfroDb
CC(=C)[C@H]1Cc2c(ccc3c2O[C@H]4CCc5cc(c(cc5[C@@]4(C3=O)O)OC)OC)O1,EA_0027,AfroDb
COc1cc2c(cc1OC)[C@H]3[C@H](CC2)Oc4cc5c(cco5)cc4C3=O,EA_0028,AfroDb
Cc1cc(c(cc1OC)[C@H]2COc3cc4c(cco4)cc3C2=O)OC,EA_0029,AfroDb
COc1cc2c(cc1[C@@H]3Cc4cc5ccoc5cc4OC3=O)OCO2,EA_0030,AfroDb
CC1(C=Cc2c3c(cc(c2O1)O)[C@H]4[C@H](CO3)c5cc6c(cc5O4)OCO6)C,EA_0031,AfroDb
CC1(C=Cc2c(cc(c3c2OC[C@@H](C3=O)c4cc5c(cc4O)OCO5)O)O1)C,EA_0032,AfroDb
CC1(C=C2CC(=C3C(=O)[C@H](COC3=C2CO1)c4cc5c(cc4O)OCO5)O)C,EA_0033,AfroDb
CC(=CCC[C@]1(C=Cc2c(cc(c3c2OC[C@@H](C3=O)c4ccc(c(c4O)O)OC)O)O1)C)C,EA_0034,AfroDb
CC(=CCC[C@@]1(C=Cc2c(cc3c(c2O)C(=O)[C@H](CO3)c4ccc(c(c4O)O)OC)O1)C)C,EA_0035,AfroDb
CC(=CCC[C@]1(C=Cc2c(ccc3c2OC[C@@H](C3)c4ccc(c(c4O)O)OC)O1)C)C,EA_0036,AfroDb
COc1cc2c(cc1OC)[C@H]3[C@H](CC2)Oc4c(ccc5c4C[C@@H](O5)C(=C)CO)C3=O,EA_0037,AfroDb
COc1cc2c(cc1OC)[C@]3([C@H](CC2)Oc4c(ccc5c4C[C@@H](O5)C(=C)CO)C3=O)O,EA_0038,AfroDb
Cc1cc(c2c(c1c3c(cc(c4c3C[C@@H](N[C@H]4C)C)OC)O)cccc2OC)OC,EA_0039,AfroDb
Cc1cc(c2c(c1c3c(cc(c4c3C[C@@H](N[C@H]4C)C)OC)O)cccc2OC)OC,EA_0040,AfroDb
Cc1cc2c(c(c1)OC)c(cc(c2c3c(cc(c4c3C[C@@H](N[C@H]4C)C)OC)OC)C)OC,EA_0041,AfroDb
Cc1cc(c2c(c1c3c(cc(c4c3C[C@@H]([N@@](C4(C)C)C)C)OC)OC)cc(cc2OC)OC)OC,EA_0042,AfroDb
Cc1cc(c2c(c1c3c(cc(c4c3C[C@@H]([N@@]([C@@H]4C)C)C)OC)OC)cccc2OC)OC,EA_0043,AfroDb
C[C@H]1Cc2c(c(cc(c2[C@H]([N@]1C)C)OC)OC)c3ccc(c4c3cccc4OC)OC,EA_0044,AfroDb
Cc1cc(c2c(c1c3c(cc4c(c3OC)[C@H](N[C@H](C4)C)C)O)cccc2OC)OC,EA_0045,AfroDb
Cc1cc(c2c(c1c3c(cc4c(c3OC)C(=N[C@H](C4)C)C)O)cccc2OC)OC,EA_0046,AfroDb
Cc1cc2cccc(c2c(c1[C@@H]3[C@H](C4=C(C[C@@H]([N@@]([C@@H]4C)C)C)C=C3OC)OC)O)OC,EA_0047,AfroDb
Cc1cc(c2c(c1c3c(cc(c4c3C[C@@H](N=C4C)C)OC)OC)cccc2OC)OC,EA_0048,AfroDb
Cc1cc(c2c(c1c3c(cc(c4c3C[C@@H]([N@@]([C@@H]4C)C)C)OC)OC)cccc2OC)OC,EA_0049,AfroDb
Cc1cc2cccc(c2c(c1[C@@H]3[C@H](C4=C(C[C@@H](N=C4C)C)C=C3OC)OC)O)OC,EA_0050,AfroDb
Cc1cc2cccc(c2c(c1[C@@H]3[C@H](C4=C(C[C@@H]([N@@]([C@@H]4C)C)C)C=C3OC)OC)O)OC,EA_0051,AfroDb
Cc1cc2cccc(c2c(c1[C@H]3c4cc(cc(c4C(=N[C@H]3C)C)OC)OC)O)OC,EA_0052,AfroDb
Cc1cc2c(ccc(c2c(c1)OC)OC)c3c(cc(c4c3C[C@@H](N=C4C)C)OC)OC,EA_0053,AfroDb
Cc1cc2c(ccc(c2c(c1)OC)OC)c3c(cc(c4c3C[C@@H](N[C@H]4C)C)OC)OC,EA_0054,AfroDb
Cc1cc2cc(c(c(c2c(c1)OC)O)c3c(cc4c(c3OC)C=N[C@H](C4)C)O)C,EA_0055,AfroDb
Cn1c2ccccc2c(=O)c3c1c(c(c(c3O)OC)OC)OC,EA_0056,AfroDb
Cn1c2ccccc2c(=O)c3c1cc(c(c3O)OC)OC,EA_0057,AfroDb
COc1ccc2c(c1OC)nc3c(c2OC)cco3,EA_0058,AfroDb
COc1c2ccccc2nc3c1cco3,EA_0059,AfroDb
Cn1c2ccccc2c(=O)c3c1c(c(c(c3OC)OC)OC)OC,EA_0060,AfroDb
Cn1c2c(cccc2OC)c(=O)c3c1c(c4c(c3OC)OCO4)OC,EA_0061,AfroDb
Cn1c2cc3c(c(c2c(=O)c4c1c(c(cc4)OC)OC)OC)OCO3,EA_0062,AfroDb
CC(C)([C@@H](COc1ccc2c(c1OC)nc3c(c2OC)cco3)O)O,EA_0063,AfroDb
CC[N@@]1CC[C@H]2c3ccccc3N[C@@H]2[C@H]1CCCc4c5c(ccn4)c6cc(ccc6n5C)O,EA_0064,AfroDb
CC(=CCc1ccc2c(c1)NC(=O)C2)C,EA_0065,AfroDb
CC(=CCc1ccc2c(c1)[nH]cc2[C@@H](C=C(C)C)c3ccc4cc[nH]c4c3)C,EA_0066,AfroDb
c1cc2c(cc[nH]2)cc1C=O,EA_0067,AfroDb
CC(=CCc1ccc2cc[nH]c2c1)C,EA_0068,AfroDb
CC(=C)/C=C/c1ccc2cc[nH]c2c1,EA_0069,AfroDb
CC(=O)/C=C/c1ccc2cc[nH]c2c1,EA_0070,AfroDb
CC(=CCC/C(=C/Cc1c[nH]c2c1cccc2)/C)C,EA_0071,AfroDb
CC(=CCc1ccc2c(c1)[nH]cc2C(C)(C)C=C)C,EA_0072,AfroDb
CC(=O)/C=C/c1ccc2c(c1)[nH]cc2C(C)(C)C=C,EA_0073,AfroDb
COc1c2ccoc2nc3c1cc4c(c3OC)OCO4,EA_0074,AfroDb
COc1cc(nc2c1nc3c(c2OC)CCO3)OC,EA_0075,AfroDb
COc1cc(cc(c1O)OC)C=O,EA_0076,AfroDb
CN1C=c2cc(c(cc2=C3[C@H]1c4cc5c(cc4C=C3)OCO5)OC)OC,EA_0078,AfroDb
CC(C)CNC(=O)/C=C/C=C/CCCCO,EA_0079,AfroDb
C[C@H]1C=CC2=CC(=O)C[C@@]2([C@H]3[C@H]1CCCC3)C,EA_0080,AfroDb
C/C(=C\CC/C=C(\C)/CC[C@H]([C@@]1(CC[C@](O1)(C)C(C)(C)O)C)O)/CC[C@H]([C@@H]2CC[C@H](O2)C(C)(C)O)O,EA_0081,AfroDb
C/C(=C\CC/C=C(\C)/CC[C@@H]([C@](C)(COC(=O)C)O)O)/CC/C=C(\C)/CC[C@H](C(C)(C)O)O,EA_0082,AfroDb
C/C(=C\CC/C=C(\C)/CC[C@@H](C(C)(C)O)O)/CC/C=C(\C)/CC[C@H](C(C)(C)O)O,EA_0083,AfroDb
C/C(=C\CC/C=C(\C)/CC[C@@H]([C@](C)(CCO)O)O)/CC/C=C(\C)/CC[C@H](C(C)(C)O)O,EA_0084,AfroDb
C=C[C@]12C[C@@H]([C@@H]3[C@H]([C@@H]1C(=C)C(=O)OC2)OC(=O)C3=C)OC(=O)C(=C)CO,EA_0085,AfroDb
CC(=O)C(=C)[C@@H]1[C@H](C[C@@]2(COC(=O)C(=C)[C@H]2[C@H]1O)C=C)OC(=O)C(=C)CO,EA_0086,AfroDb
C[C@@H](C(=C)CO)O[C@H]1C[C@@]23[C@@H](OC/C(=C\[C@@H]4[C@H]1C(=C)C(=O)O4)/CC[C@@]2(O3)O)O,EA_0087,AfroDb
C=C1[C@H]2[C@H](C[C@@]34[C@@H](OC/C(=C\[C@H]2OC1=O)/CC[C@@]3(O4)O)O)O[C@H](C(=C)CO)O,EA_0088,AfroDb
CC[C@H]1C(=O)O[C@]2([C@]1(CC[C@@]3([C@@H](O3)[C@@H]4C(=C(C(=O)O4)COC(=O)C)[C@H](C2)OC(=O)C(=C)CO)C)O)C,EA_0089,AfroDb
C[C@@H]1C[C@@H]([C@H]2[C@H]([C@@]1(C)CCC3=CC(=O)OC3)CC[C@@]4([C@H]2COC(=O)C)CO4)OC(=O)C,EA_0090,AfroDb
CC1=C(C(=O)C=C2C1=CC=C3[C@]2(CC[C@@]4([C@@]3(CC[C@@]5([C@H]4CC(=C)CC5)C)C)C)C)O,EA_0091,AfroDb
CC1=C(C(=O)C=C2C1=CC=C3[C@]2(CC[C@@]4([C@@]3(CC[C@@]5([C@H]4C[C@H](CC5)CO)C)C)C)C)O,EA_0092,AfroDb
CC1=C(C(=O)C=C2C1=CC=C3[C@]2(CC[C@@]4([C@@]3(CC[C@@]5([C@H]4C[C@@H](CC5)CO)C)C)C)C)O,EA_0093,AfroDb
Cc1c2c(cc(c1O)O)[C@@]3(CC[C@]4([C@@H]5CC(=C)CC[C@@]5(CC[C@@]4(C3=CC2=O)C)C)C)C,EA_0094,AfroDb
CC(C)C/C=C/C[C@H]1CC[C@@H]2[C@@]1(CC[C@H]3[C@]24CC[C@@]5([C@@H]3CC[C@@H](C5)O)OO4)C,EA_0095,AfroDb
C[C@@H]1[C@@](O1)([C@@H]2C[C@@H](C(=O)O2)[C@H]3[C@@H](C[C@@H]4[C@@]3(CC[C@H]5C4=CC[C@@H]6[C@@]5(CC[C@@H](C6)O[C@H]7[C@H]([C@H]([C@H]([C@@H](O7)CO)O)O)O)C)C)O)C(C)C,EA_0096,AfroDb
C[C@@H]1[C@@](O1)([C@@H]2C[C@@H](C(=O)O2)[C@H]3[C@H](C[C@@H]4[C@@]3(CC[C@H]5C4=CC[C@@H]6[C@@]5(CC[C@@H](C6)O[C@H]7[C@H]([C@H]([C@H]([C@@H](O7)CO)O)O)O)C)C)O)C(C)C,EA_0097,AfroDb
C[C@@H]1[C@@](O1)([C@@H]2C[C@@H](C(=O)O2)[C@H]3C(=O)C[C@@H]4[C@@]3(CC[C@H]5C4=CC[C@@H]6[C@@]5(CC[C@@H](C6)O[C@H]7[C@H]([C@H]([C@H]([C@@H](O7)CO)O)O)O)C)C)C(C)C,EA_0098,AfroDb
C[C@H]([C@]([C@@H]1C[C@H](C(=O)O1)[C@H]2[C@H](C[C@@H]3[C@@]2(CC[C@H]4C3=CC[C@@H]5[C@@]4(CC[C@@H](C5)O[C@H]6[C@H]([C@H]([C@H]([C@@H](O6)CO)O)O)O)C)C)O)(C(C)C)O)O,EA_0099,AfroDb
C[C@@H]1[C@@](O1)([C@@H]2[C@H]([C@@H](C(=O)O2)[C@H]3CC[C@@H]4[C@@]3(CC[C@H]5C4=CC[C@@H]6[C@@]5(CC[C@@H](C6)O[C@H]7[C@H]([C@H]([C@H]([C@@H](O7)CO)O)O)O)C)C)O)C(C)C,EA_0100,AfroDb
CC(=CCc1cc(cc(c1O)O)/C=C/C(=O)c2ccc(cc2O)O)C,EA_0101,AfroDb
COc1cc(ccc1O)C/C=C/CC(=O)c2ccc(cc2O)O,EA_0102,AfroDb
CC(C)CCc1cc(cc(c1O)OC)[C@H]2CC(=O)c3ccc(cc3O2)O,EA_0103,AfroDb
CC(=CCc1cc(cc(c1O)C=C(C)C)[C@@H]2CC(=O)c3ccc(cc3O2)O)C,EA_0104,AfroDb
CC(=CCc1cc(cc(c1O)C=C(C)C)[C@@H]2CC(=O)c3c(cc(cc3O2)O)O)C,EA_0105,AfroDb
CC(=CCc1c(cc(c(c1O)O)C=C(C)C)[C@@H]2CC(=O)c3c(cc(cc3O2)O)O)C,EA_0106,AfroDb
CC(=CCc1cc(cc2c1OC(CC2)(C)C)[C@@H]3CC(=O)c4c(cc(cc4O3)O)O)C,EA_0108,AfroDb
CC(=CCc1c(ccc2c1O[C@@H]3COc4cc5c(cc4[C@]3(C2=O)O)OCO5)OC)C,EA_0109,AfroDb
c1cc2c(c3c1C(=O)[C@@]4(c5cc6c(cc5OC[C@H]4O3)OCO6)O)OCO2,EA_0110,AfroDb
COc1ccc2c(c1OC)O[C@@H]3COc4cc5c(cc4[C@]3(C2=O)O)OCO5,EA_0111,AfroDb
CC1(CCc2c(ccc3c2O[C@@H]4COc5cc6c(cc5[C@]4(C3=O)O)OCO6)O1)C,EA_0112,AfroDb
CC1(CCc2c(ccc3c2OC[C@@H](C3=O)c4cc(c(cc4OC)OC)OC)O1)C,EA_0113,AfroDb
CC(=CC/C(=C\COc1ccc(cc1)C(=O)/C=C/c2ccc(cc2)O)/C)C,EA_0114,AfroDb
COc1c(c(c(c(c1C(=O)CCc2ccccc2)O)Cc3ccccc3O)O)Cc4ccccc4O,EA_0116,AfroDb
c1ccc(cc1)CCC(=O)c2c(c3c(c(c2O)Cc4ccccc4O)Oc5ccccc5C3)O,EA_0117,AfroDb
c1ccc(cc1)/C=C/C(=O)c2c(c(c(c(c2O)C=O)O)C=O)O,EA_0118,AfroDb
Cc1c(c(c(c(c1O)C(=O)/C=C/c2ccccc2)O)C)O,EA_0119,AfroDb
Cc1cccc2c1[C@H]3[C@@H]([C@@H]([C@@H](O3)C)C(=O)[C@H]4C(O4)(C)C)C(=O)O2,EA_0120,AfroDb
Cc1cccc2c1[C@H]3[C@@H]([C@@H]([C@H](O3)C)C(=O)[C@H]4C(O4)(C)C)C(=O)O2,EA_0121,AfroDb
Cc1cc(c(c2c1ccc(=O)o2)/C=C/C(C)(C)O)OC,EA_0122,AfroDb
CCCCCCCCC[C@@H](C#CC#C[C@@H](CC)OC(=O)C)O,EA_0123,AfroDb
CCCCCCCCC[C@@H](C#CC#C[C@@H](C=C)OC(=O)C)O,EA_0124,AfroDb
CC(=O)OCCCCCCCC[C@@H](C#CC#C[C@@H](C=C)OC(=O)C)O,EA_0125,AfroDb
CC(=O)[C@@H](CCCCCCCCOC(=O)C)C#CC#C[C@@H](C=C)OC(=O)C,EA_0126,AfroDb
CC(=O)[C@@H](CCCCCCCCOC(=O)C)C#CC#C[C@@H](C=C)OC(=O)C,EA_0127,AfroDb
C[C@]12CCC(=O)C([C@H]1CC(=O)[C@@]3([C@H]2CC[C@@]4([C@]35[C@H](O5)C(=O)O[C@H]4c6ccoc6)C)C)(C)C,EA_0128,AfroDb
CC(C)C1=CC2=CC=C3[C@@](C2=C(C1=O)O)(CC[C@@H](C3(C)C)OC(=O)c4ccccc4)C,EA_0131,AfroDb
CC(C)C1=CC2=CC=C3[C@@](C2=C(C1=O)O)(CC[C@@H](C3(C)C)OC(=O)/C=C/c4ccccc4)C,EA_0132,AfroDb
CC(C)C1=CC2=CC=C3[C@@](C2=C([C@H]1O)O)(CC[C@@H](C3(C)C)OC(=O)c4ccccc4)C,EA_0133,AfroDb
CC(C)C1=CC2=CC=C3[C@@]([C@@H]2C(=O)C1=O)(CC[C@@H](C3(C)C)OC(=O)c4ccccc4)C,EA_0134,AfroDb
C[C@@H]1CC[C@H]2C(=C3CCC[C@]2([C@@H]1OC)O3)C,EA_0135,AfroDb
C[C@]1(CC[C@@]2([C@@H](C1)CC[C@@H]3[C@H]2CC(=O)[C@@H](C3(C)C)O)C)C=C,EA_0136,AfroDb
CC1(C=Cc2c(ccc3c2O[C@@H]4COc5cc(c(cc5[C@@H]4C3=O)OC)OC)O1)C,EA_0137,AfroDb
CC1(C=Cc2c(ccc3c2O[C@@H]4COc5cc(c(cc5[C@@]4(C3=O)O)OC)OC)O1)C,EA_0138,AfroDb
CC(=C)[C@H]1C=Cc2c(ccc3c2O[C@@H]4COc5cc(c(cc5[C@@H]4C3=O)OC)OC)O1,EA_0139,AfroDb
CC(C)c1c(cc2c(c1OC)O[C@@]3([C@@H](C2)[C@@]4(CC[C@@H]5C[C@@H]([C@H]([C@@H]([C@H]5O4)OC)C(C)C)OC)C(=O)C(=C3C(C)C)OC)OC)OC,EA_0140,AfroDb
COc1cc2c(cc1c3cc4cc5ccoc5cc4oc3=O)OCO2,EA_0141,AfroDb
COc1cc2c(cc1[C@H]3C(=O)c4cc5ccoc5cc4OC3=O)OCO2,EA_0142,AfroDb
COc1cc(cc(c1OC)OC)[C@@H]2COc3cc4c(cco4)cc3C2=O,EA_0143,AfroDb
c1coc2c1cc3c(c2)OC[C@H]4[C@@H]3Oc5c4cc6c(c5)OCO6,EA_0144,AfroDb
COc1c2c(cco2)cc3c1OC[C@H]4[C@@H]3Oc5c4cc6c(c5)OCO6,EA_0145,AfroDb
COc1ccc2c(c1OC)OC[C@H]3[C@@H]2Oc4c3cc5c(c4)OCO5,EA_0146,AfroDb
c1c2c(cc3c1OCO3)N4C(=O)C[C@]56CC[C@]47[C@H]2CC[N@]([C@@H]75)CC=C6,EA_0147,AfroDb
c1ccc2c(c1)[C@@H]3CC[N@]4CC=C[C@]56[C@]4([C@@H]3CC5)N2C(=O)C6,EA_0148,AfroDb
c1c2c(cc3c1OCO3)N4C(=O)[C@@H]([C@]56CC[C@]47[C@H]2CC[N@]([C@@H]75)CC=C6)O,EA_0149,AfroDb
C[C@]12CCC(=O)C([C@@H]1CC[C@@]3([C@H]2CC[C@@]45[C@]3(CC[C@@]6([C@H]4CC(CC6=O)(C)C)CO5)C)C)(C)C,EA_0150,AfroDb
C[C@]12CC[C@@H](C([C@@H]1CC[C@@]3([C@H]2CC[C@@]45[C@]3(CC[C@@]6([C@H]4CC(CC6=O)(C)C)CO5)C)C)(C)C)O,EA_0151,AfroDb
C[C@]12CC[C@@H](C([C@@H]1CC[C@@]3([C@H]2CC[C@@]45[C@]3(CC[C@@]6([C@H]4CC(C[C@@H]6O)(C)C)CO5)C)C)(C)C)O,EA_0152,AfroDb
C[C@]12CC[C@@H](C([C@@H]1CC[C@@]3([C@H]2CC=C4[C@]3(CC(=O)[C@@]5([C@H]4CC(CC5)(C)C)CO)C)C)(C)C)O,EA_0153,AfroDb
C[C@]12CC[C@@H](C([C@@H]1CC[C@@]3([C@H]2CC=C4[C@]3(C[C@H]([C@@]5([C@H]4CC(CC5)(C)C)CO)O)C)C)(C)C)O,EA_0154,AfroDb
CC(=Cc1cc(cc(c1OC)O)[C@@H]2CC(=O)c3c(cc(cc3O2)O)O)C,EA_0155,AfroDb
CC(=CCc1ccc2c(c1)[C@H]3[C@H](CO2)c4ccc(cc4O3)O)C,EA_0156,AfroDb
CC(=CC[C@@H]1Cc2cc3c(cc2C[C@@H]1O)OC[C@H]4[C@H]3Oc5c4ccc(c5)O)C,EA_0157,AfroDb
CC(=CCc1c(cc2c(c1O)C(=O)[C@@H](CO2)c3ccc(cc3O)O)O)C,EA_0158,AfroDb
CC(=CCc1c(ccc2c1O[C@H]3[C@]2(COc4c3ccc(c4)O)O)OC)C,EA_0159,AfroDb
CC(=CCc1ccc2c(c1)OC[C@@H]3[C@@H]2Oc4c3ccc(c4CC=C(C)C)O)C,EA_0160,AfroDb
CC(=CCc1c(ccc2c1O[C@H]3[C@H]2COc4c3cccc4)O)C,EA_0161,AfroDb
CC1(C=Cc2c(ccc3c2O[C@H]4[C@H]3COc5c4ccc(c5)O)O1)C,EA_0162,AfroDb
CC1(CCc2cc(ccc2O1)[C@@H]3CC(=O)c4ccc(cc4O3)O)C,EA_0163,AfroDb
CC(=CC[C@H]1Cc2cc(ccc2O[C@H]1O)[C@@H]3CC(=O)c4ccc(cc4O3)O)C,EA_0164,AfroDb
CC(=CCc1cc(cc2c1OC(CC2)(C)C)[C@@H]3CC(=O)c4ccc(cc4O3)O)C,EA_0165,AfroDb
CC(=CCc1cc(cc(c1O)CC=C(C)C)/C=C/C(=O)c2ccccc2)C,EA_0166,AfroDb
C[C@]1(CCC=C[C@H]1c2ccc3c(c2)[C@@H](CN3)C(C)(C)C=C)/C=C/c4cccc5c4c(c[nH]5)C(C)(C)C=C,EA_0167,AfroDb
C[C@@]1(CCC=C[C@H]1c2ccc3c(c2)[C@@H](CN3)C(C)(C)C=C)/C=C\c4cccc5c4c(c[nH]5)C(C)(C)C=C,EA_0168,AfroDb
C[C@@H](CCC[C@@H](C)CCC/C(=C/CO)/C)CCCC(C)C,EA_0169,AfroDb
CC/C=C(/C)\CCC[C@H](C)CCC[C@H](C)CCCC(C)C,EA_0170,AfroDb
C[C@H](CCC[C@H](C)CCCC(C)C)CCC[C@H](C)CCO,EA_0171,AfroDb
C[C@@H](CCC[C@@H](C)CCC/C(=C/COC(=O)C)/C)CCCC(C)C,EA_0172,AfroDb
C[C@@H](CCC[C@@H](C)CCC[C@@]1([C@H](O1)CO)C)CCCC(C)C,EA_0173,AfroDb
C[C@@H](CCC[C@@H](C)CCC[C@](C)(CC(=O)O)O)CCCC(C)C,EA_0117,AfroDb
CC(=CCC/C(=C/CCO)/C)C,EA_0175,AfroDb
CC(=CCC/C(=C/CC/C(=C/CO)/C)/C)C,EA_0176,AfroDb
C[C@]12CC[C@@H](C([C@@H]1CC[C@@]3([C@@H]2CC[C@@]4(C3=CC[C@]5([C@H]4CC(CC5)(C)C)CO)C)C)(C)C)O,EA_0177,AfroDb
C[C@@]12CCC(C[C@H]1[C@@]3(CC[C@@H]4[C@]5(CCC(=O)C([C@@H]5CC[C@]4(C3=CC2)C)(C)C)C)C)(C)C,EA_0178,AfroDb
C[C@@]12CCC(C[C@H]1[C@@]3(CC[C@@H]4[C@]5(CC[C@@H](C([C@@H]5CC[C@]4(C3=CC2)C)(C)C)O)C)C)(C)C,EA_0179,AfroDb
CC(=CCC[C@@H]1[C@@H]2[C@H](C[C@]3([C@]2([C@@H](C[C@H]4C3=CC[C@H]5[C@@]4(CCC(=O)C5(C)C)C)O)C)C)OC1=O)C,EA_0180,AfroDb
CC(=CCC[C@@H]1[C@@H]2[C@H](C[C@]3([C@]2(CC[C@H]4C3=C[C@H]([C@H]5[C@@]4(CCC(=O)C5(C)C)C)O)C)C)OC1=O)C,EA_0181,AfroDb
CC(=CCC[C@H]([C@@H]1[C@H](C[C@]2([C@]1(CC[C@H]3C2=C[C@H]([C@H]4[C@@]3(CCC(=O)C4(C)C)C)O)C)C)O)C(=O)OC)C,EA_0182,AfroDb
C[C@]1(CC[C@H]2[C@H](C1)CC[C@H]3[C@@]2(CC(=O)[C@@H]([C@@]3(C)CO)O)C)C=C,EA_0183,AfroDb
C[C@]1(CC[C@H]2[C@H](C1)CC[C@H]3[C@@]2(CC(=O)C[C@@]3(C)CO)C)C=C,EA_0184,AfroDb
Cc1cc2c(cc1O)[C@]3(CCC(=O)C[C@H]3CC2)C,EA_0185,AfroDb
C[C@]12CCC(=O)C([C@@H]1CC[C@@H]3[C@@H]2[C@]4([C@@H]([C@@]([C@@H]3[C@@]5([C@]46CC[C@@H]7[C@@](C6=CC(=C)[C@]5(C)O)(CC[C@H](C7(C)C)O)C)C)(C)O)O)C)(C)C,EA_0187,AfroDb
C[C@@]1(CC[C@@H]2C=C[C@@H]3C(=C[C@@H]([C@@H](C3(C)C)O)O)[C@@]2(C1)C)C=C,EA_0188,AfroDb
CCCCCCCCCCCCCCCCCCCCCCCCCCCCCCCCCCCCCCCCCCCCCCCC/C=C(/C=O)\O,EA_0189,AfroDb
C[C@]12CCCC([C@@H]1CC=C([C@@]2(C=O)O)C=O)(C)C,EA_0190,AfroDb
C[C@H]1CC[C@]2([C@H](C1=C)CC=C([C@@H]2C=O)C=O)C,EA_0191,AfroDb
C[C@]12CCCC([C@@H]1CC=C([C@@H]2C=O)C=O)(C)C,EA_0192,AfroDb
C[C@]12CCCC([C@@H]1[C@H](C=C([C@@]2(C=O)O)C=O)O)(C)C,EA_0193,AfroDb
CC(=O)O[C@@H]1C=C([C@@]([C@@]2([C@@H]1C(CCC2)(C)C)C)(C=O)O)C=O,EA_0194,AfroDb
C[C@]12CCCC([C@@H]1CC=C([C@H]2C=O)C=O)(C)C,EA_0195,AfroDb
C=C[C@]12COC(=O)C(=C)[C@H]1[C@H]3[C@H](C[C@@H]2O)C(=C)C(=O)O3,EA_0196,AfroDb
C=C[C@H]1[C@@]2(C[C@@H]3[C@H]([C@H]([C@@H]2C(=C)C(=O)O1)O)C(=C)C(=O)O3)C=C,EA_0197,AfroDb
C=C[C@]12COC(=O)C[C@H]1[C@H]3[C@H]([C@@H]([C@@H]2O)OC(=O)C(=C)CO)C(=C)C(=O)O3,EA_0198,AfroDb
C=C[C@]12COC(=O)C(=C)[C@H]1[C@H]3[C@@H](CC(=O)O3)[C@@H]([C@@H]2O)OC(=O)CCO,EA_0199,AfroDb
CC[C@H]1[C@]2([C@H]([C@H]3[C@H]([C@@H]([C@@H]2O)OC(=O)CCO)C(=C)C(=O)O3)C(=C)C(=O)O1)C=C,EA_0200,AfroDb
CC[C@H]1[C@]2([C@@H](CC(=O)O1)[C@H]3[C@@H](CC(=O)O3)[C@@H]([C@@H]2O)OC(=O)CCO)C=C,EA_0201,AfroDb
C=CC#CC#CC1=CC=C(SS1)C#C,EA_0202,AfroDb
C[C@H]1C[C@H]2[C@@H]1CC[C@@H]3[C@@H]2CC[C@H]4[C@]3(CCC[C@@]4(C)C(=O)O)C,EA_0203,AfroDb
C[C@@]12CCC[C@@]([C@H]1CC[C@H]3C2=CC[C@H]4[C@@H]3CC4=C)(C)C(=O)O,EA_0204,AfroDb
CC(C)/C=C/C[C@@H]1C[C@H]2C=C(C(=O)[C@@]([C@@H]1CCC=C(C)C)(C2=O)C=C(C)C)C(=O)c3ccc(c(c3)O)O,EA_0205,AfroDb
C[C@]12CCC[C@]([C@@H]1CC[C@@]3([C@@H]2CC[C@@]4(C3=CC[C@@]5([C@H]4CC(CC5)(C)C)C(=O)O)C)C)(C)O,EA_0206,AfroDb
CC(=O)[C@]1(CCC[C@]2([C@H]1CC[C@@]3([C@@H]2CC[C@@]4(C3=CC[C@@]5([C@H]4CC(CC5)(C)C)C(=O)O)C)C)C)C,EA_0207,AfroDb
C[C@@]12CC[C@H]3[C@@](CC[C@H]([C@@]3([C@H]1CC[C@@]4(C2=CC[C@@]5([C@H]4CC(CC5)(C)C)C(=O)O)C)C)O)(C)OC(=O)Oc6ccc(cc6)O,EA_0208,AfroDb
C[C@]12CC[C@@H]([C@]([C@@H]1CC[C@@]3([C@@H]2CC[C@@]4(C3=CC[C@@]5([C@H]4CC(CC5)(C)C)C(=O)O)C)C)(C)OC(=O)Oc6ccc(cc6)O)OC(=O)Oc7ccc(cc7)O,EA_0209,AfroDb
C[C@@]12CC[C@H]3[C@@](CC[C@H]([C@@]3([C@H]1CC[C@@]4(C2=CC[C@@]5([C@H]4CC(CC5)(C)C)C(=O)O)C)C)O)(C)O,EA_0210,AfroDb
C[C@]12CC[C@@H]([C@]([C@@H]1CC[C@@]3([C@@H]2CC[C@@]4(C3=CC[C@@]5([C@H]4CC(CC5)(C)C)C(=O)O)C)C)(C)O)O,EA_0211,AfroDb
C/C=C(\C)/C(=O)C[C@H]1[C@H]([C@H]2[C@]3(O2)[C@H](C[C@@H]([C@@]4([C@@H]3CC(=O)O[C@H]4c5ccoc5)C)OC(=O)C)[C@H](C(C1(C)C)[C@H](C(=O)OC)O)C)O,NA_0052,AfroDb
CC(=C)[C@H]1CC[C@]2([C@@H]1[C@@H]3CC[C@H]4[C@]5(CC[C@H](C([C@H]5CC[C@]4([C@@]3(CC2)C)C)(C)C)O)C)C,NA_0067,AfroDb
CC(=C)[C@H]1CC[C@]2([C@@H]1[C@@H]3CC[C@H]4[C@]5(CC[C@H](C([C@H]5CC[C@]4([C@@]3(CC2)C)C)(C)C)O)C)CO,NA_0069,AfroDb
CC(=C)[C@H]1CC[C@]2([C@@H]1[C@@H]3CC[C@H]4[C@]5(CC[C@H](C([C@H]5CC[C@]4([C@@]3(CC2)C)C)(C)C)CC(=O)O)C)CC(=O)O,NA_0072,AfroDb
CC(=C)[C@H]1CC[C@]2([C@@H]1[C@@H]3CC[C@H]4[C@]5(CC[C@H](C([C@H]5CC[C@]4([C@@]3(CC2)C)C)(C)C)CC(=O)O)C)CC(=O)OC,NA_0073,AfroDb
C[C@@]12CC[C@@H](C([C@@H]1CC[C@@]34[C@@H]2CC[C@@H](C3)[C@](C4)(CO)O)(C)C)O,NA_0074,AfroDb
C[C@@H]1C[C@@H]2[C@@H]([C@@H]([C@]3([C@H]1[C@H](C[C@H]3O)O)C)O)C(=C)C(=O)O2,NA_0002,AfroDb
C[C@@H]1CC[C@@]2(CC[C@@]3(C(=CC[C@@H]4[C@]3(CC[C@H]5[C@H]4[C@@H](C[C@H](C5(C)C)O)C)C)[C@H]2[C@H]1C)C)C,NA_0003,AfroDb
c1cc(ccc1c2cc(=O)c3c(cc(cc3o2)O)O)O,NA_0004,AfroDb
c1cc(c(cc1c2c(c(=O)c3c(cc(cc3o2)O)O)O)O)O,NA_0005,AfroDb
COc1c(cc2c(c1O)c(=O)cc(o2)c3ccc(c(c3)O)O)O,NA_0006,AfroDb
COc1c(=O)c2c(cc(cc2oc1c3ccc(cc3)O)OC[C@H]([C@H]([C@@H]([C@H](C=O)O)O)O)O)O,NA_0007,AfroDb
c1cc(ccc1c2cc(=O)c3c(cc(cc3o2)O[C@@H]4[C@H]([C@@H]([C@H]([C@@H](O4)CO)O)O)O)O)O,NA_0008,AfroDb
CC(=C)[C@H]1CC[C@]2([C@@H]1[C@]3(CC[C@@H]4[C@@H]([C@H]3CC2)CC[C@H]5[C@@]4(CC[C@@H](C5(C)C)OC(=C)C)C)C)C,NA_0009,AfroDb
C[C@@H]1CC[C@@]2(CC[C@@]3(C(=CC[C@@H]4[C@]3(CC[C@H]5[C@H]4[C@@H](C[C@@H](C5(C)C)O)C)C)[C@H]2[C@H]1C)C)C,NA_0010,AfroDb
COc1ccc(cc1)c2cc(=O)c3c(cc(cc3o2)O)O,NA_0012,AfroDb
c1cc(c(cc1c2cc(=O)c3c(cc(cc3o2)O[C@@H]4[C@H]([C@@H]([C@H]([C@@H](O4)CO)O)O)O)O)O)O,NA_0013,AfroDb
COc1cc2ccc(=O)oc2cc1O,NA_0014,AfroDb
Cc1ccc(cc1OC)/C=C/C(=O)O,NA_0015,AfroDb
c1cc(ccc1[C@H]2CC(=O)c3c(cc(cc3O2)O)O)O,NA_0017,AfroDb
COc1ccc(cc1)[C@H]2CC(=O)c3c(cc(cc3O2)OC[C@H]([C@H]([C@@H]([C@H](C=O)O)O)O)O)O,NA_0018,AfroDb
c1cc(c(cc1c2cc(=O)c3c(cc(cc3o2)O)O)[C@@H]4[C@H]([C@@H]([C@H]([C@@H](O4)CO)O)O)O)O,NA_0020,AfroDb
c1cc(c(cc1c2cc(=O)c3c(cc(c(c3o2)O)O)O)[C@@H]4[C@H]([C@@H]([C@H]([C@@H](O4)CO)O)O)O)O,NA_0023,AfroDb
c1cc(c(cc1c2cc(=O)c3c(cc(c(c3o2)O)O)O)[C@@H]4[C@H]([C@@H]([C@H]([C@@H](O4)CO)O)O)O)O,NA_0024,AfroDb
COc1cc(cc(c1O)OC)c2cc(=O)c3c(cc(c(c3o2)O)O[C@H]4[C@@H]([C@H]([C@@H]([C@H](O4)CO)O)O)O)O,NA_0026,AfroDb
COc1cc(cc(c1O[C@@H]2[C@H]([C@@H]([C@H]([C@@H](O2)CO)O)O)O)OC)c3cc(=O)c4c(ccc(c4o3)O)O,NA_0027,AfroDb
c1cc(c(cc1c2c(c(=O)c3c(cc(cc3o2)O)O)O[C@@H]4[C@H]([C@@H]([C@H]([C@@H](O4)CO)O)O)O)O)O,NA_0028,AfroDb
COc1cc(cc(c1O)OC)c2c(c(=O)c3c(cc(cc3o2)O)O)O,NA_0030,AfroDb
c1cc(c(cc1c2c(c(=O)c3c(cc(cc3o2)O)O)O)O)O,NA_0031,AfroDb
c1cc(ccc1c2cc(=O)c3c(cc(cc3o2)O)O)O,NA_0032,AfroDb
c1cc(c(cc1c2cc(=O)c3c(cc(cc3o2)O)O)O)O,NA_0033,AfroDb
c1cc(c(cc1[C@@H]2[C@H](Cc3c(cc(cc3O2)O)O)O)O)O,NA_0034,AfroDb
CCCC[C@H](CC)COC(=O)c1ccccc1C(=O)OC[C@@H](CC)CCCC,NA_0035,AfroDb
c1ccc(c(c1)CO)O,NA_0036,AfroDb
COC(=O)[C@]1(C=CCCC1=O)O,NA_0037,AfroDb
c1ccc(c(c1)O)O,NA_0038,AfroDb
CCCOC(=O)C,NA_0039,AfroDb
C[C@@]12CC[C@H]3C(=C)[C@]1(C[C@@H]4C[C@]3([C@H](C(C4=O)(C)C)CC(=O)OC)C)CC(=O)O[C@H]2c5ccoc5,NA_0040,AfroDb
C[C@@]12CC[C@H]3C(=C)[C@]1(C[C@@H]4C[C@]3([C@H](C(C4=O)(C)C)[C@@H](C(=O)OC)O)C)CC(=O)O[C@H]2c5ccoc5,NA_0041,AfroDb
C[C@@]12CC[C@H]3[C@]4([C@H](C[C@H](C([C@H]4C[C@H]([C@]3([C@]15[C@H](O5)C(=O)O[C@H]2c6ccoc6)C)C(=O)OC)(C)C)O)C(=O)OC)C,NA_0042,AfroDb
C[C@@]12CC[C@H]3[C@]4([C@H](C[C@H](C([C@H]4C[C@H]([C@]3([C@]15[C@H](O5)C(=O)O[C@H]2c6ccoc6)C)O)(C)C)O)C(=O)OC)C,NA_0043,AfroDb
C[C@@]12CC[C@H]3[C@@]4([C@H](C[C@H]([C@]3([C@]15[C@H](O5)C(=O)O[C@H]2c6ccoc6)C)O)C([C@@H](C[C@@H]4O)O)(C)C)C,NA_0044,AfroDb
C[C@@]12CC[C@H]3[C@]4(C=CC(=O)C([C@H]4CC(=O)[C@]3([C@]15[C@H](O5)C(=O)O[C@H]2c6ccoc6)C)(C)C)C,NA_0045,AfroDb
C[C@@]12CC[C@H]3C(=C[C@H]4CC([C@@H]([C@@]3(C4=O)C)[C@H](C(=O)OC)O)(C)C)[C@@H]1CC(=O)O[C@H]2c5ccoc5,NA_0046,AfroDb
C[C@@H]1CC[C@@]23[C@](CCC[C@@]2([C@]1(CCc4ccoc4)O)C)(C(=O)O3)C,NA_0057,AfroDb
C[C@@H]1C[C@H]([C@H]2[C@@](CCC[C@@]2([C@]1(CCc3ccoc3)O)C)(C)CO)O,NA_0058,AfroDb
CC1=C(C(=O)C=C2[C@@H]1CC[C@@H]3[C@]2(CC[C@]4([C@@]3(CC[C@@]5([C@@H]4C[C@](CC5)(C)C(=O)OC)C)C)C)C)O,NA_0059,AfroDb
CO[C@@H]1C[C@]23c4cc5c(cc4CC[N@]2CC=C3C=C1)OCO5,NA_0060,AfroDb
COc1cc2c(cc1O)CC[N@@]3[C@]24C[C@H](C=CC4=CC3)OC,NA_0061,AfroDb
COc1cc2c(cc1OC)[C@]34C[C@H](C=CC3=CC[N@@]4CC2)OC,NA_0062,AfroDb
CO[C@@H]1C[C@]23c4cc5c(cc4CCN2C(=O)C=C3C=C1)OCO5,NA_0063,AfroDb
COc1cc2c(cc1O)[C@H](C[N@@]3[C@]24C[C@H](C=CC4=CC3)OC)OC,NA_0064,AfroDb
COc1c(cc(cc1O)[C@@H](Cc2ccccc2)O)O,NA_0065,AfroDb
COc1ccc(c(c1)c2coc3cc4c(c(c3c2=O)O)OCO4)O,NA_0066,AfroDb
CC(=C)[C@H]1CC[C@]2([C@@H]1[C@@H]3CC[C@H]4[C@]5(CC[C@H](C([C@H]5CC[C@]4([C@@]3(CC2)C)C)(C)C)O)C)C(=O)O,NA_0068,AfroDb
CC(=C)[C@H]1CC[C@]2([C@@H]1[C@@H]3CC[C@H]4[C@]5(CCC(=O)C([C@H]5CC[C@]4([C@@]3(CC2)C)C)(C)C)C)C,NA_0070,AfroDb
CC(=C)[C@H]1CC[C@]2([C@@H]1[C@@H]3CC[C@H]4[C@]5(CC[C@H](C([C@H]5CC[C@]4([C@@]3(CC2)C)C)(C)C)CC(=O)O)C)C,NA_0071,AfroDb
c1cc(ccc1c2cc(=O)c3c(cc(c(c3o2)[C@H]4[C@@H]([C@H]([C@@H](O[C@H]4O)CO)O)O)O)O)O,NA_0075,AfroDb
Cc1ccc2c(c1)c(cc(c2O)c3cc(c4cc(cc(c4c3O)OC)C)c5c(cc(c6c5C[C@H](N[C@@H]6C)C)O)O)c7c(cc8c(c7OC)C(=N[C@H](C8)C)C)O,NPR_0001,AfroDb
Cc1cc2c(c(cc(c2c3c(cc(c4c3C[C@H](N[C@@H]4C)C)O)O)C)O)c(c1)OC,NPR_00010,AfroDb
C[C@]12CCCC([C@@H]1CC[C@@]3([C@H]2C/C=C(/[C@H]4CO4)\C(=O)OC)CO3)(C)C,NPR_000105,AfroDb
C[C@]12CC[C@@H](C([C@@H]1CC[C@@]3([C@H]2C/C=C\4/[C@H](COC4=O)O)CO3)(C)C)O,NPR_000106,AfroDb
C[C@]12CC[C@@H](C([C@@H]1[C@H](C[C@@]3([C@H]2C/C=C\4/[C@H](COC4=O)O)CO3)O)(C)C)O,NPR_000107,AfroDb
C[C@]12CC[C@@H](C([C@@H]1CC[C@@]3([C@H]2C/C=C(/[C@H]4CO4)\C(=O)OC)CO3)(C)C)O,NPR_000108,AfroDb
CC(=CCC/C(=C/[C@](C)(CCC=C)O)/C)C,NPR_000109,AfroDb
Cc1cc2c(c(c1)OC)c(cc(c2c3c(cc(c4c3C[C@H](N[C@@H]4C)C)O)O)C)OC,NPR_00011,AfroDb
C[C@]12CCCC([C@@]1(CCC(=C)[C@@H]2[C@@H]3C=C(C[C@@H](OO3)O)C=O)C)(C)C,NPR_000110,AfroDb
C[C@]12CCCC([C@@H]1CC[C@@]3([C@H]2CC=C(C[C@@H]3O)C=O)C=O)(C)C,NPR_000111,AfroDb
C[C@]12CCCC([C@@H]1CC[C@@]3([C@H]2CC=C(C[C@H]3O)C=O)C=O)(C)C,NPR_000112,AfroDb
C[C@]12CCCC([C@@H]1CC[C@@]3([C@H]2C/C=C/4\CCOC4=O)CO3)(C)C,NPR_000113,AfroDb
C[C@]12CCCC([C@]1(CC[C@@]3([C@@H]2CC/C=C(/CC=O)\C=O)CO3)C)(C)C,NPR_000114,AfroDb
C[C@]12CCCC([C@H]1CCC(=C)[C@@H]2CC=C(C=O)C=O)(C)C,NPR_000115,AfroDb
Cc1cc2c(c(cc(c2c3c(cc(c4c3C[C@H]([N@@]([C@@H]4C)C)C)O)O)C)O)c(c1)OC,NPR_00012,AfroDb
C[C@H]1C[C@H]2[C@@]3(CC=C4[C@H]([C@@]3(C(=O)C[C@@]2([C@H]1[C@@H](C(=O)/C=C/C(C)C)O)C)C)C[C@@H](C(=O)C4(C)C)O)C,NPR_000120,AfroDb
C[C@]12CC[C@](C[C@H]1[C@@]3(CCC4=C([C@]3(CC2)C)CC[C@H]5[C@@]4(CC[C@H](C5(C)C)O)C)C)(C)C(=O)O,NPR_000121,AfroDb
C/C(=C\CO)/[C@H]1C[C@H]2[C@](C=CC(=O)C2(C)C)(OO1)C,NPR_000122,AfroDb
CC(=O)C[C@H]1c2c(ccc(c2OC)OC)-c3ccc4cc(c(cc4c3N1C)O)O,NPR-000128,AfroDb
CC(=O)C[C@H]1c2c(ccc(c2OC)OC)-c3ccc4cc(c(c(c4c3N1C)C(C)(C)C=C)O)O,NPR_000129,AfroDb
Cc1cc2c(c(c1)OC)c(cc(c2c3c(cc(c4c3C[C@@H](N=C4C)C)OC)OC)C)OC,NPR_00013,AfroDb
CC(=CCc1c(cc2c(c1O)c(=O)c3cc(c(cc3o2)O)O)O)C,NPR_000133,AfroDb
CC(=O)OC1=C[C@@H](OC(=O)C=C1)COC(=O)c2ccccc2,NPR_000134,AfroDb
CC(=CCC/C=C/C[C@@H]1C[C@]2(C(=C(C(=O)[C@](C2=O)(C1(C)C)CC=C(C)C)C(=O)c3ccc(c(c3)O)O)O)C/C=C/CCC=C(C)C)C,NPR_000136,AfroDb
CC(=CC[C@@H]1C[C@]2(C(=C(C(=O)[C@](C2=O)(C1(C)C)CC=C(C)C)C(=O)c3ccc(c(c3)O)O)O)CC[C@@H](CC=C(C)C)C(=C)C)C,NPR_000139,AfroDb
Cc1cc2c(c(c1)OC)c(cc(c2c3c(cc(c4c3C[C@@H](N[C@@H]4C)C)OC)OC)C)OC,NPR_00014,AfroDb
CC(=CC[C@@H]1C[C@]2(C(=C(C(=O)[C@](C2=O)(C1(C)C)CC=C(C)C)C(=O)c3ccc(c(c3)O)O)O)CC[C@H](CCC(=C)C)C(=C)C)C,NPR_000140,AfroDb
C[N@@]1CCc2cc(c(c3c2[C@H]1Cc4ccc(cc4)Oc5c6c(cc(c5O)OC)CC[N@@]([C@@H]6Cc7ccc(cc7)O3)C)O)OC,NPR_000141,AfroDb
C[N@@]1CCc2cc(c(c3c2[C@H]1Cc4ccc(cc4)Oc5c6c(cc(c5OC)OC)CC[N@@]([C@@H]6Cc7ccc(cc7)O3)C)O)OC,NPR_000142,AfroDb
COc1ccc2c(c1OC)nc3c(c2OC)cco3,NPR_000143,AfroDb
COc1c2ccoc2nc3c1cc4c(c3)OCO4,NPR_000144,AfroDb
COc1cc2c(cc1OC)nc3c(c2OC)cco3,NPR_000145,AfroDb
CC1([C@@H](Cc2c(=O)c3ccccc3[nH]c2O1)O)C,NPR_000146,AfroDb
CC(C)([C@@H](COc1ccc(cc1)c2coc(n2)c3cccnc3)O)O,NPR_000148,AfroDb
Cc1cc(c2c(c1c3c(cc(c4c3C[C@@H]([N@@]([C@@H]4C)C)C)O)O)cccc2O)OC,NPR_00015,AfroDb
Cc1cc(c2c(c1c3c(cc(c4c3C[C@@H]([N@@]([C@@H]4C)C)C)O)OC)cccc2OC)OC,NPR_00016,AfroDb
Cc1cc(c2c(c1c3c(cc(c4c3C[C@H]([N@]([C@@H]4C)C)C)OC)O)cccc2OC)OC,NPR_00017,AfroDb
C[C@@H]1Cc2cc(c(c(c2[C@H]([N@]1C)C)OC)c3c4cccc(c4c(cc3OC)OC)OC)O,NPR_00018,AfroDb
Cc1cc2c(ccc(c2c(c1)OC)O)c3c(cc4c(c3OC)C(=N[C@@H](C4)C)C)O,NPR_0002,AfroDb
Cc1cc2c(ccc(c2c(c1)O)OC)c3c(cc(c4c3C[C@@H](N=C4C)C)OC)O,NPR_00021,AfroDb
CC1=C(C(=O)c2c(ccc(c2O)OC)C1=O)O,NPR_00022,AfroDb
CC1=C(C(=O)c2c(ccc(c2OC)OC)C1=O)O,NPR_00023,AfroDb
CC1=C(C(=O)c2c(c(cc(c2OC)OC)O)C1=O)O,NPR_00024,AfroDb
C[C@H]1[C@@H](C(=O)c2c(c(c3c(c2O)OCO3)O)C1=O)O,NPR_00025,AfroDb
C[C@H]1[C@@H](C(=O)c2c(cc3c(c2OC)OCO3)C1=O)O,NPR_00026,AfroDb
Cc1cc2cccc(c2c(c1c3ccc4c(c3O)[C@H](N[C@@H](C4)C)C)O)OC,NPR_00027,AfroDb
C/C=C/1\C[N@@]2[C@@H]3CC[C@H]1[C@@H]4[C@@]3(C[C@]2(C)[C@@]5(C[C@H]6[C@@]78[C@@H]9[C@H]1[C@@]7(CC[N@]1CC9=CCO6)c1ccccc1N8C5=O)C)c1cccc2c1n4ccc2=O,NPR_00028,AfroDb
C/C/1=C\CC/C(=C/[C@@H]2[C@H](C[C@H]1C(=O)C(=C)CCO)C(=C)C(=O)O2)/C=O,NPR_00031,AfroDb
C[C@H]1C(=O)[C@@H](C[C@@]2([C@@]1(CC[C@]3([C@]2(CC[C@@]4([C@@]3(C[C@@H]([C@@H]5[C@@H]4CC(CC5)(C)C)CO)C)C)C)C)C)C)O,NPR_00032,AfroDb
CC(=O)OC1=C[C@@H](OC(=O)C=C1)COC(=O)Cc2ccccc2,NPR_00033,AfroDb
CC(=C)[C@H]1CC[C@]2([C@]1(CC[C@@]3([C@@]2(CC[C@H]4[C@]3(C[C@H]([C@]5([C@@]4(CC[C@H]([C@@]5(C)C(=O)O)O)CO)C)O)C)C)C)C)C,NPR_00034,AfroDb
C[C@H](CCC(=C)C(C)C)[C@H]1CC[C@@]2([C@@]1(CC[C@H]3[C@H]2CC[C@H]4[C@@]3(C=C(C(=O)C4(C)C)O)C)C)C,NPR_00035,AfroDb
CCCCCCCCCCCCCCCCCCCCCCCCCCCCCCCCCCCCCCCCCCC(=O)OC[C@@H]1[C@H]([C@@H]([C@H]([C@@H](O1)O[C@H]2CC[C@@]3([C@@H]4CC[C@@]5(C[C@H](C[C@@H]5[C@H]4CC=C3C2)[C@H](C)CC[C@@H](CC)C(C)C)C)C)O)O)O,NPR_00036,AfroDb
C[C@@]12CC[C@H]3C(=C)[C@]1(CC(=O)O[C@H]2c4ccoc4)O[C@@H]5[C@]3([C@@H](C(C(=O)C5)(C)C)CC(=O)OC)C,NPR_00038,AfroDb
CC(=O)O[C@@H]1C[C@@]2([C@](CCC(=O)C2(C)C)([C@@]3([C@@]1([C@@]45[C@@H](O4)C(=O)O[C@H]([C@@]5(CC3)C)c6ccoc6)C)C)C)C,NPR_00039,AfroDb
Cc1cc2c(cc(c(c2c(c1)OC)O)c3cc(c4cc(cc(c4c3O)OC)C)c5c(cc(c6c5C[C@H](NC6)C)O)O)c7c(cc(c8c7C[C@@H](C[C@H]8C)C)O)O,NPR_0004,AfroDb
C[C@@]12CC[C@@H]3[C@]4([C@H](C[C@H](C([C@H]4C[C@H]([C@]3([C@]15[C@@H](O5)C(=O)O[C@H]2c6ccoc6)C)O)(C)C)C(=O)OC)C(=O)OC)C,NPR_00040,AfroDb
C[C@@]12CC[C@H]3[C@]([C@]14[C@@H](O4)C(=O)O[C@H]2c5ccoc5)([C@@H](C[C@H]6[C@@]3([C@H](C[C@H](C6(C)C)C(=O)OC)O)C)C(=O)OC)C,NPR_00041,AfroDb
C[C@@]12CC[C@@H]3C(=C1CC(=O)O[C@H]2c4ccoc4)[C@@H]5[C@H](C([C@@H]([C@]3(C5=O)C)C(C(=O)OC)C(=O)OC)(C)C)O,NPR_00042,AfroDb
CC(=O)O[C@H]1C[C@H]2[C@](C=CC(=O)OC2(C)C)([C@@H]3[C@@]1([C@@]45[C@@H](O4)C(=O)O[C@H]([C@@]5(C[C@H]3O)C)c6ccoc6)C)C,NPR_00044,AfroDb
CCCCCCCCCCCCCCCCCCCCCCC(=O)O,NPR_00045,AfroDb
C[C@]12CC[C@@H]([C@H]1CC[C@@]3([C@@H]2CC[C@H]4[C@]3(CC[C@H]5[C@@]4(CCC(=O)C5(C)C)C)C)C)C(C)(C)O,NPR_00046,AfroDb
C[C@@H](CCC(=C)C(C)C)[C@H]1CC[C@]2([C@]1(C[C@@]34C[C@@]35CC[C@@H](C([C@H]5CC[C@H]4C2)(C)C)O)C)C,NPR_00047,AfroDb
COc1ccc2c(c1)oc3c(c2=O)cccc3O,NPR_00049,AfroDb
Cc1cc2c(cc(c(c2c(c1)OC)O)c3cc(c4cc(cc(c4c3O)OC)C)c5c6c(cc(c5O)O)[C@H](N[C@@H](C6)C)C)c7c(cc(c8c7C[C@H](N[C@@H]8C)C)O)O,NPR_0005,AfroDb
c1cc(c(c(c1)O)C(=O)c2cc(ccc2O)O)O,NPR_00050,AfroDb
COc1cccc2c1oc3cc(ccc3c2=O)O,NPR_00051,AfroDb
Cc1cc2c(c(c1)O)C(=O)c3c(cc(cc3O)OC/C=C(\C)/CCC=C(C)C)[C@H]2[C@H]4c5cc(cc(c5C(=O)c6c4cc(c(c6O)C/C=C(\C)/CCC=C(C)C)O)O)C,NPR_00052,AfroDb
Cc1cc(c2c(c1)[C@@H](c3c(c(c(c(c3)O)C/C=C(/CCC=C(C)C)\C)O)C2=O)[C@@H]4c5c(c(c(c(c5)O)C/C=C(/CCC=C(C)C)\C)O)C(=O)c6c4cc(cc6O)C)O,NPR_00058,AfroDb
Cc1cc(c2c(c1O)cc3c(c2O)C(=O)C(=C(C3(CCC=C(C)C)CCC=C(C)C)O)CCC=C(C)C)O,NPR_00059,AfroDb
Cc1cc2c(cc(c(c2c(c1)OC)O)c3cc(c4cc(cc(c4c3O)OC)C)C5=C(C=C([C@@H]6[C@@H]5C[C@H](N[C@@H]6C)C)O)O)c7c8c(cc(c7O)O)[C@H](N[C@@H](C8)C)C,NPR_0006,AfroDb
Cc1cc2cc3c(c(c2c(c1CCC=C(C)C)O)O)C(=O)C=C(C3(CCC=C(C)C)CCC=C(C)C)O,NPR_00060,AfroDb
Cc1cc(c2c(c1CCC=C(C)C)cc3c(c2O)C(=O)C=C(C3(CCC=C(C)C)CCC=C(C)C)O)O,NPR_00061,AfroDb
Cc1c(c2cc3c(c(c2c(c1CCC=C(C)C)O)O)C(=O)C=C([C@H]3CCC=C(C)C)O)CCC=C(C)C,NPR_00062,AfroDb
Cc1cc(c2c(c1CCC=C(C)C)cc3c(c2O)C(=O)C=C([C@H]3CCC=C(C)C)O)O,NPR_00063,AfroDb
C/C=C/CC1(C(=O)C(=Cc2c1c(=O)c3c(o2)cc(c(c3O)CC=C(C)C)O)O)C/C=C/C,NPR_00064,AfroDb
CC(=CCc1c2c(cc(c1OC)O)oc3cc4c(c(c3c2=O)O)C=CC(O4)(C)C)C,NPR_00065,AfroDb
CC(=CCc1c(c2c(c3c1oc4cc5c(c(c4c3=O)O)C=CC(O5)(C)C)C=CC(O2)(C)C)O)C,NPR_00066,AfroDb
CC(=CCc1c2c(cc(c1OC)O)oc3cc(cc(c3c2=O)O)O)C,NPR_00067,AfroDb
CC(=CCC/C(=C/Cc1c2c(cc(c1O)O)oc3cc(c(c(c3c2=O)O)CC=C(C)C)O)/C)C,NPR_00068,AfroDb
CC(=CCc1c(cc2c(c1O)c(=O)c3c(o2)C=C([C@H]([C@@H]3CC=C(C)C)OC)O)O)C,NPR_00069,AfroDb
Cc1cc2c(cc(c(c2c(c1)OC)O)c3cc(c4cc(cc(c4c3O)OC)C)C5=C(C=C([C@@H]6[C@@H]5C[C@H]([N@@]([C@@H]6C)C)C)O)O)c7c8c(cc(c7O)O)[C@@H](N[C@@H](C8)C)C,NPR_0007,AfroDb
CC(=CCc1c2c(c(c3c1OC(C=C3)(C)C)O)c(=O)c4cc(c(c(c4o2)O)OC)OC)C,Npr_00072,AfroDb
CC(=CCc1c2c(c3c(c1O)c(=O)c4cc(c(c(c4o3)O)OC)OC)C=CC(C2)(C)C)C,NPR_00073,AfroDb
CC(=CCc1c(c(c2c(c1O)c(=O)c3cc(c(c(c3o2)O)OC)OC)CC=C(C)C)O)C,NPR_00074,AfroDb
CC(=CCc1c2c(cc(c1OC)O)oc3cc(c(c(c3c2=O)O)CCC(C)(C)O)O)C,NPR_00077,AfroDb
CC(=CCc1c(cc2c(c1O)c(=O)c3c(o2)cc(c(c3CC=C(C)C)OC)O)O)C,NPR_00078,AfroDb
CC(=CCc1c2c(=O)c3c(cc(c(c3O)CCC(C)(C)O)O)oc2c(c(c1O)O)CC=C(C)C)C,NPR_00079,AfroDb
Cc1cc2c(cc(c(c2c(c1)OC)O)c3cc(c4cc(cc(c4c3O)OC)C)C5=C(C=C([C@@H]6[C@@H]5C[C@H](N[C@@H]6C)C)O)O)c7c8c(cc(c7O)O)C(=N[C@@H](C8)C)C,NPR_0008,AfroDb
CC(C)CNC(=O)/C=C/C=C/CCCCCC/C=C/c1ccc2c(c1)OCO2,NPR_00080,AfroDb
CC(=CCc1ccc2c(c1O)C(=O)C[C@H](O2)c3ccc(cc3O)O)C,NPR_00081,AfroDb
CC(=CCc1c(c(c2c(c1O)C(=O)C[C@H](O2)c3c(cc(cc3O)O)O)CC=C(C)C)O)C,NPR_00082,AfroDb
C/C/1=C\[C@@H]2[C@@H]([C@@H](C[C@](/C=C\C1=O)(C)O)OC(=O)C(C)C)C(=C)C(=O)O2,NPR_00087,AfroDb
CC(=CCC1=C(C(=O)c2ccccc2C1=O)O)C,NPR_00088,AfroDb
Cc1cc(c(c(c1C(=O)Oc2cc(c(c(c2C)O)C(=O)C)C)O)C(=O)C)O,NPR_00089,AfroDb
Cc1cc(c2c(c1c3c(cc(c4c3C[C@H](N[C@@H]4C)C)O)O)cccc2OC)O,NPR_0009,AfroDb
c1cc(ccc1/C=C/C(=O)O[C@@H]2[C@@H]3C=CO[C@@H]([C@H]3[C@]4([C@@H]2O4)CO)O[C@@H]5[C@H]([C@@H]([C@H]([C@@H](O5)CO)O)O)O)O,NPR_00090,AfroDb
CC(C)[C@](C)([C@@H]1C2=CC[C@H]3[C@]([C@@]2(CC[C@]1(C)C(=O)O)C)(CC[C@H]4[C@@]3(C[C@@H]([C@@H](C4(C)C)O)O)C)C)O,NPR_00091,AfroDb
COc1cc2c3c(c1OC)OOc4cccc5c4[C@H](Cc6ccc(cc6)Oc7cc(ccc7O)C[C@H]3NCC2)NCC5,SA_0001-1,AfroDb
CCCCCCCCCCCCCCC[C@H](CC)CCC,SA_0001,AfroDb
CC1=C(C(=O)C=C2C1=CC=C3[C@]2(CC[C@@]4([C@@]3(CC[C@]5([C@H]4CC(=C)CC5)C(=O)C)C)C)C)O,SA_0002-1,AfroDb
C/C(=C\C(=O)[C@H]1C(O1)(C)C)/C=C,SA_0002,AfroDb
CC1=C(C(=O)C=C2C1=CC=C3[C@]2(CC[C@@]4([C@@]3(CC[C@]5([C@H]4C[C@](CC5)(C)CO)C)C)C)C)O,SA_0003-1,AfroDb
CC(=CC(=O)CC(=C)C=C)C,SA_0003,AfroDb
c1c2c(cc3c1OCO3)[C@@H]4[C@H]([C@H](C=C5[C@H]4[N@@](C2)CC5)O)O,SA_0004-1,AfroDb
CC1=CC(=O)C(=C(C)C)CC1,SA_0004,AfroDb
C[C@@]12C=CC(=O)C([C@H]1C[C@H](OO2)CCO)(C)C,SA_0005-1,AfroDb
c1cc(ccc1c2cc(=O)c3c(cc(cc3o2)O)O)O,SA_0005,AfroDb
C[C@@H]1Cc2ccc(cc2[C@](N1)(C)O)c3ccc(c4c3cc(cc4OC)CO)O,SA_0006-1,AfroDb
c1cc(ccc1c2cc(=O)c3c(o2)cc(c(c3O)O)O)O,SA_0006,AfroDb
Cc1cc2c(ccc(c2c(c1)OC)O)c3ccc4c(c3)[C@](N[C@@H](C4)C)(C)O,SA_0007-1,AfroDb
COc1ccc(cc1O)c2cc(=O)c3c(o2)cc(c(c3O)OC)O,SA_0007,AfroDb
Cc1cc(c2ccc(c(c2c1)c3ccc4c(c3)[C@](N[C@@H](C4)C)(C)O)OC)C,SA_0008-1,AfroDb
COc1ccc(cc1OC)c2cc(=O)c3c(o2)cc(c(c3O)OC)OC,SA_0008,AfroDb
C[C@@H]1c2c(ccc(c2CCN1)c3ccc(c4c3CCC=C4O)OC)O,SA_0009-1,AfroDb
C[C@@H]1[C@H]([C@H](C[C@@H](O1)c2c(cc3c(c2O)c(=O)cc(o3)c4ccccc4)OC)O)O,SA_0010,AfroDb
C[N@]1[C@@H]2Cc3cc(c(cc3[C@H]1Cc4c2cc(c(c4Oc5ccc6c(c5)[C@@H](NCC6)Cc7ccc(cc7)OC)OC)OC)O)O,SA_0011-1,AfroDb
C[C@@H]1CC[C@@]2(CC[C@@]3(C(=CC[C@H]4[C@]3(CC[C@@H]5[C@@]4(C[C@H]([C@H](C5(C)C)O)O)C)C)[C@@H]2[C@]1(C)O)C)C(=O)O,SA_0011,AfroDb
C[N@@]1[C@@H]2Cc3c(cc(c(c3Oc4ccc5c(c4)[C@@H](NCC5)Cc6ccc(cc6)OC)OC)OC)[C@H]1Cc7c2ccc(c7)O,SA_0012-1,AfroDb
COc1c(cc(c2c1oc3cc(c(c(c3c2=O)O)OC)O)O)O,SA_0012,AfroDb
C[N@]1[C@@H]2Cc3cc(c(cc3[C@H]1Cc4c2cc(c(c4Oc5ccc6c(c5)[C@@H](NCC6)Cc7ccc(cc7)OC)OC)OC)OC)O,SA_0013-1,AfroDb
COc1c(cc2c(c1O)c(=O)c3c(c(c(c(c3o2)OC)OC)OC)O)O,SA_0013,AfroDb
C[N@]1[C@@H]2Cc3cc(c(cc3[C@H]1Cc4c2cc(c(c4Oc5ccc6c(c5)[C@@H](NCC6)Cc7ccc(cc7)O)OC)OC)O)O,SA_0014-1,AfroDb
C[C@@H]([C@@H]([C@@H](C/C=C/[C@H]1CC=CC(=O)O1)OC(=O)C)OC(=O)C)OC(=O)C,sa_0014,AfroDb
[H]/N=C(\N)/c1ccc(cc1)OCCCCCOc2ccc(cc2)/C(=N\[H])/N,SA-0015,AfroDb
CCN(CC)CCCCCCNc1cc(cc2c1nccc2C)OC,SA_0018,AfroDb
CCCc1ccc2ccccc2n1,SA_0019,AfroDb
C[C@@H]1[C@H](O1)c2ccc3ccccc3n2,SA_0020,AfroDb
C/C=C/c1ccc2ccccc2n1,SA_0021,AfroDb
CC/C=C/CC[C@H]1CCc2cc(=O)c3ccccc3n2C1,SA_0022,AfroDb
CC[C@H]1C[N@@]2CCc3c4ccccc4[nH]c3[C@@H]2C[C@@H]1/C(=C/OC)/C(=O)OC,SA_0023,AfroDb
CO/C=C(/[C@H]1C[C@H]2c3c(c4ccccc4[nH]3)CC[N@]2C[C@@H]1C=C)\C(=O)OC,SA_0024,AfroDb
CC[C@@H]1C[N@@]2CCc3c4ccccc4[nH]c3[C@@H]2C[C@@H]1/C(=C/OC)/C(=O)OC,SA_0025,AfroDb
COC(=O)[C@@H]1C[C@]23CCC[N@]4[C@@H]2[C@@]5([C@]1(CC3)N(c6c5cccc6)C(=O)OC)CC4,SA_0026,AfroDb
CN1CCc2cc3c(c4c2c1cc5c4cc6c(c5)OCO6)OCO3,SA_0028,AfroDb
c1c2cc3c(cc2c4c5c1NCCc5cc6c4OCO6)OCO3,SA_0029,AfroDb
COc1ccc-2c(c1)C[C@@H]3c4c2c5c(cc4CCN3)OCO5,SA_0030,AfroDb
c1ccc2c(c1)c3c4c(cc5c3OCO5)C=CNc4c2c6c7ccccc7c8c9c6NC=Cc9cc1c8OCO1,SA_0031,AfroDb
Cc1cc2c(ccc(c2c(c1)OC)OC)c3c4cc(nc(c4c(cc3OC)OC)C)C,SA_0032,AfroDb
Cc1cc2cccc(c2c(c1c3c(cc4cc(nc(c4c3OC)C)C)OC)O)OC,SA_0035,AfroDb
Cc1cc2c(ccc(c2c(c1)OC)OC)c3c(cc(c4c3C[C@H](N=C4C)C)OC)OC,SA_0036,AfroDb
Cc1cc2cccc(c2c(c1c3c(cc(c4c3C[C@H](N=C4C)C)OC)OC)O)OC,SA_0037,AfroDb
CC(=O)[C@H]1C[C@@H]([C@@H]2[C@@]1(CC[C@H]3[C@H]2CC=C4[C@@]3(CC[C@H](C4)N)C)C)O,SA_0043,AfroDb
C[C@@H]1[C@H]([C@H](C[C@@H](O1)O[C@@H]2CC[C@]3([C@H](C2)CC[C@@H]4[C@@H]3CC[C@]5([C@]4(CC[C@@H]5C(=O)C)O)C)C)OC)N,SA_0045,AfroDb
C[C@@H]1C[C@@H]2[C@]3(CCC[C@@]2(CN(C3=O)CCOC(=O)C)[C@@H]4[C@@]15CC[C@H](C4)C(=C)[C@H]5OC(=O)C)C,SA_0046,AfroDb
C[C@@H]1C[C@@H]2[C@]3(CCC[C@@]2(C=NC3)[C@@H]4[C@@]15CC[C@H](C4)C(=C)[C@H]5O)C,SA_0047,AfroDb
CC[C@H]1C[N@]2CCc3cc(c(cc3[C@@H]2C[C@@H]1C[C@@H]4c5cc(c(cc5CCN4)O)OC)OC)OC,SA_0050,AfroDb
CC[C@H]1C[N@]2CCc3cc(c(cc3[C@@H]2C[C@@H]1C[C@@H]4c5cc(c(cc5CCN4)OC)OC)OC)OC,SA_0051,AfroDb
Cn1c2ccccc2c(=O)c3c1c4c(cc3O)O[C@@H](C4)[C@@](CO)(C(=O)OC)O,SA_0054,AfroDb
C[C@@](CO)([C@@H]1Cc2c(cc(c3c2n(c4ccccc4c3=O)C)O)O1)O,SA_0055,AfroDb
C/C=C(/C)\C(=O)OC[C@H]1C2=C(C[C@@H]3[N@@]1C[C@H]4[C@@H](C5=C([C@@H]3[N@@]4C)C(=O)C(=C(C5=O)C)OC)O)C(=O)C(=C(C2=O)OC)C,SA_0056,AfroDb
C1CCC[C@H]2CC[N@@]3CCC[C@H]([C@H]3O2)CCCCC[C@H]4CC[N@]5CCC[C@@H]([C@@H]5O4)CC1,SA_0057,AfroDb
COc1ccc2c3ccncc3[nH]c2c1,SA_0058,AfroDb
Cc1c2c(ccn1)c3ccc(cc3[nH]2)OC,SA_0059,AfroDb
c1ccc2c(c1)c3ccnc4c3n2c(=O)cc4,SA_0060,AfroDb
COc1cc2c3c(ccn2)c4ccccc4n3c1=O,SA_0061,AfroDb
c1ccc2c(c1)c3ccnc(c3n2O)c4ccnc(n4)N,SA_0062,AfroDb
c1ccc(cc1)[C@@]2(c3ccccc3N[C@H]4[N@]2CCN4)O,SA_0064,AfroDb
C[C@H](c1ccccc1)N2CCN(CC2)[C@H](C)c3ccccc3,SA_0065,AfroDb
CC(C)C[C@@H](C(=O)Nc1ccc2ccccc2c1)N,SA_0066,AfroDb
C[C@H]1C[C@@H]2[C@@H]([C@H](C(=O)O2)C)[C@@H](C3=C(C(=O)C[C@H]13)C)O,SA_0067,AfroDb
C[C@H]1[C@@H]2CC[C@@]([C@H]3CC(=O)C(=C3[C@H]2OC1=O)C)(C)O,SA_0068,AfroDb
c1cc(ccc1[C@@H]2CC(=O)O[C@@]23[C@@H]([C@H](OC3=O)[C@H](CO)O)O)O,SA_0070,AfroDb
CC[C@@H]1C[C@H]([C@](C(=O)OCC2=CC[N@@]3[C@H]2C[C@@H](C3)OC1=O)(CO)O)C,SA_0071,AfroDb
c1cc(c(cc1[C@@H]2[C@H](Cc3c(c(cc(c3O2)[C@@H]4c5ccc(cc5O[C@@H]([C@H]4O)c6cc(c(c(c6)O)O)O)O)[C@@H]7c8ccc(cc8O[C@H]([C@H]7O)c9cc(c(c(c9)O)O)O)O)O)O)O)O,SA_0072,AfroDb
CC(C)CCC(=O)c1c(cc(c(c1O)CC=C(C)C)O)O,SA_0074,AfroDb
c1cc(c(cc1/C=C/CC#Cc2ccc(c(c2)O)O)O)O,SA_0075,AfroDb
C[C@H]1C[C@]23C[C@]([C@H]1c4cc5c(c(c4)OC)OCO5)(C(=O)C=C2OCO3)CC=C,SA_0076,AfroDb
CC1(C=Cc2cc(c(cc2O1)O)c3coc4cc5c(c(c4c3=O)O)C=CC(O5)(C)C)C,SA_0077,AfroDb
C[C@@]12C[C@@H](C[C@H]([C@H]1CC[C@]34[C@@H]2CC[C@H](C3)C(=C)[C@H]4O)C(=O)O)O[C@H]5[C@@H]([C@H]([C@@H]([C@H](O5)CO)O)O)O,SA_0078,AfroDb
Cn1c2cc3c(c(c2c(=O)c4c1c(ccc4)OC)OC)OCO3,SA_0079,AfroDb
C[C@@H](CCC=C(C)C)[C@H]1CC[C@@]2([C@@]1(CC[C@]34[C@H]2CC[C@H]5[C@]3(C4)[C@H](C[C@@H]([C@@]5(C)C(=O)O)[C@@H]6[C@H]([C@@H]([C@H]([C@@H](O6)CO)O)O)O)O)C)C,SA_0080,AfroDb
CC(=O)O[C@@H]1C(=O)C[C@H]([C@]2([C@]13C(=C)[C@@H](CC2)[C@@]4([C@@H](C([C@@H]([C@@H]([C@@H]4O3)OCCCCC(=O)O)O)(C)C)CC(=O)OC)C)C)c5ccoc5,SA_0081,AfroDb
C[C@@H]1[C@@H]2CC(=O)C[C@@]34[C@H]([C@]2(C=CC(=O)O1)C)CC[C@@](C3=O)([C@@H](O4)c5ccoc5)C,SA_0083,AfroDb
CC(=CCC1=C([C@](C(=O)[C@](C1=O)(C(=O)/C=C/c2ccccc2)O)(CC=C(C)C)OC)O)C,SA_0084,AfroDb
CC(C)C(=O)O[C@@H]1[C@@H]([C@H]2[C@]3(C[C@]14[C@@H]3[C@@H]([C@@H]([C@]5([C@@H](CC=C5C4)[C@@H]6CC(=O)OC6)C)OC(=O)C)OC(=O)C)C=C[C@H](C2(C)C)OC(=O)C)OC(=O)C,SA_0085,AfroDb
CC(=O)O[C@H]1[C@H](C(O[C@@H]([C@@H]2[C@H]1O[C@]34CC(=O)O[C@H]([C@@]3(C[C@H]2C4=C)C)c5ccoc5)C=O)(C)C)CO,SA_0086,AfroDb
c1cc(ccc1c2c(c(=O)c3c(o2)cc(c(c3O[C@@H]4[C@H]([C@@H]([C@H]([C@@H](O4)CO)O)O)O)O)O)O)O,SA_0087,AfroDb
CN1[C@@H]2C[C@@H](C=C[C@]23c4cc5c(cc4C[N@]([C@@H]3C1=O)CCc6ccc(cc6)O)OCO5)OC,SA_0088,AfroDb
CC1([C@H](Cc2c(cc3c(c2O)c(=O)c(c(o3)c4ccc(cc4)O)O)O1)O)C,SA_0089,AfroDb
C(CCCCO[C@H]1[C@H]([C@H]([C@@H]([C@H](O1)CO)O)O)O)CCCC(=O)CCCCCCC(=O)O,SA_0090,AfroDb
C(CCCCO)CCCC(=O)CCCCCCC(=O)O,SA_0091,AfroDb
C[Si](C)(C)OCCCCCCCCC(=O)CCCCCCC(=O)O,SA_0092,AfroDb
C(CCCC(=O)CCCCCCCO[C@H]1[C@H]([C@H]([C@@H]([C@H](O1)CO)O)O)O)CCCC(=O)O,SA_0093,AfroDb
C(CCCC(=O)CCCCCCCO)CCCC(=O)O,SA_0094,AfroDb
COC(=O)CCCCCCCC(=O)CCCCCCCO[Si](C)(C)C,SA_0095,AfroDb
C[C@@]12CC[C@H]3[C@@]([C@@H]1CC=C4[C@]2(CC[C@@]5([C@H]4CC(CC5)(C)C)C(=O)O)C)(C[C@@H]([C@@H]([C@@]3(C)CO)O)O)C,SA_0096,AfroDb
C[C@@]12CC[C@H]3[C@@]([C@@H]1CC=C4[C@]2(CC[C@@]5([C@H]4CC(CC5)(C)C)C(=O)O)C)(C[C@@H]([C@@H]([C@@]3(C)CO)O[C@H]6[C@@H]([C@H]([C@@H]([C@H](O6)CO)O)O)O)O)C,SA_0097,AfroDb
C[C@@]12CC[C@H]3[C@@]([C@@H]1CC=C4[C@]2(CC[C@@]5([C@H]4CC(CC5)(C)C)C(=O)O)C)(C[C@@H]([C@@H]([C@@]3(C)CO)O[C@H]6[C@@H]([C@H](CCO6)O)O)O)C,SA_0098,AfroDb
C[C@@]12CC[C@H]3[C@@]([C@@H]1CC=C4[C@]2(C[C@H]([C@@]5([C@H]4CC(CC5)(C)C)C(=O)O)O)C)(C[C@@H](C[C@@]3(C)C(=O)O)O)C,SA_0099,AfroDb
C[C@@]12CC[C@H]3[C@@]([C@@H]1CC=C4[C@]2(C[C@H]([C@@]5([C@H]4CC(CC5)(C)C)C(=O)O)[C@H]6[C@@H]([C@H]([C@@H]([C@H](O6)CO)O)O)O)C)(C[C@@H](C[C@@]3(C)C(=O)O)O)C,SA_0100,AfroDb
C[C@@H](CC/C=C(\C)/CO)[C@@H]1CC[C@]2([C@]1(CC[C@@H]3C2=CC[C@H]4[C@@]3([C@@H](C[C@@H](C4(C)C)O)O)C)C)C,SA_0101,AfroDb
C[C@@H](CC/C=C(\C)/CO)[C@@H]1CC[C@]2([C@]1(CC(=O)C3=C2CC[C@H]4[C@@]3(CC[C@@H](C4(C)C)O)C)C)C,SA_0102,AfroDb
C[C@@H](CC/C(=C(/C(C)(C)O)\O)/O)[C@@H]1CC[C@]2([C@]1(CC=C3C2=CC[C@H]4[C@@]3([C@@H](C[C@@H](C4(C)C)O)O)C)C)C,SA_0103,AfroDb
C[C@@H]1CC[C@H]2[C@H]([C@H](O[C@H]3[C@@]24[C@H]1CC[C@H](O3)OO4)OC(=O)CCC(=O)O)C,SA_0105,AfroDb
C[C@]12CCCC([C@H]1CC[C@@]3([C@H]2CC[C@H](CCO3)C(=O)OC)C)(C)C,SA_0106,AfroDb
C[C@]12CCCC([C@H]1CC[C@@]3([C@H]2CCC(=O)CCO3)C)(C)C,SA_0107,AfroDb
C[C@]12CCCC([C@H]1CC[C@@]3([C@H]2CC[C@H](CCO3)C(=O)O)C)(C)C,SA_0108,AfroDb
C[C@]12CCCC([C@H]1CC[C@@]3([C@H]2CC[C@H](CCO3)O)C)(C)C,SA_0109,AfroDb
CC(=O)O[C@@H]1CC[C@H]2[C@]3(CCCC([C@H]3CC[C@]2(OCC1)C)(C)C)C,SA-0110,AfroDb
C[C@]12CCCC([C@H]1CC[C@@]3([C@H]2CC[C@H](CCO3)O)C)(C)C,SA-0111,AfroDb
Cc1c(c(c(c(c1OC)C(=O)C(C)C)O)C[C@@]2(C(=C(C(=O)C(=C2O)C(=O)C(C)C)C)O)C)O,SA-0112,AfroDb
COc1cc(c2c(=O)c(coc2c1OC)c3cccc(c3OC)O)O,SA-0113,AfroDb
COc1c(cccc1O)c2coc3cc4c(c(c3c2=O)O)OCO4,SA_0114,AfroDb
COc1c(cccc1O)c2coc3c(c2=O)c(c(c(c3OC)OC)O)O,SA_0115,AfroDb
COc1cc2c(c(c1O)O)c(=O)c(co2)c3cccc(c3OC)O,SA_0116,AfroDb
COc1cc(c2c(=O)c(coc2c1O)c3cccc(c3OC)O)O,SA-0117,AfroDb
COc1cc(c(c2c1c(=O)c(co2)c3cccc(c3OC)O)O)OC,SA_0118,AfroDb
COc1cc2c(c(c1O)O)c(=O)c(co2)c3cccc(c3OC)O,SA_0119,AfroDb
COc1c(cccc1O)c2coc3cc(c(c(c3c2=O)OC)O)O,SA-0120,AfroDb
COc1c(cccc1O)c2coc3cc(c(c(c3c2=O)OC)OC)O,SA-0121,AfroDb
COc1c(cccc1O)c2coc3cc(c(c(c3c2=O)OC)OC)O,SA-0122,AfroDb
COc1c(cccc1O)c2coc3cc(c(c(c3c2=O)OC)O)O,SA-0123,AfroDb
c1cc(c(cc1/C=C/CC#Cc2ccc(c(c2)O)O[C@H]3[C@@H]([C@H]([C@@H]([C@@H](O3)CO)O)O)O)O)O[C@H]4C[C@H]([C@@H]([C@@](O4)(CO)O)O)O,SA-0124,AfroDb
c1cc(c(cc1C#CC/C(=C(/c2ccc(c(c2)O)O)\O)/O[C@@H]3[C@H]([C@@H]([C@H]([C@@H](O3)CO)O)O)O)O)O,SA_0125,AfroDb
C=C[C@@H](/C=C/c1ccc(cc1)O)c2ccc(cc2)O,SA_0126,AfroDb
c1cc2c(c(c1)O)C(=O)c3c(cc(cc3O)CO)[C@H]2[C@]4(C[C@H]([C@@H]([C@@H](O4)CO)O)O)O,SA_0127,AfroDb
C[C@@]1(c2cccc(c2C(=O)c3c1cc(cc3O)CO)O)[C@]4(C[C@H]([C@@H]([C@@H](O4)CO)O)O)O,SA-0128,AfroDb
Cc1cc(c(c2c1c(=O)cc(o2)CC(=O)C)[C@@H]3[C@@H](C[C@@H]([C@H](O3)CO)O)O)O,SA_0129,AfroDb
Cc1cc(c(c2c1c(=O)cc(o2)CC(=O)C)[C@@H]3CC[C@@H]([C@H](O3)CO)O)O,SA_0131,AfroDb
C[C@H]([C@@H](C)O)C(=O)OCc1cc2c(c(c1)O)C(=O)c3c(cccc3O)[C@]2([C@H]4[C@@H]([C@H]([C@@H]([C@H](O4)CO)O)O)O)O,SA_0131,AfroDb
Cc1cc(c2c(c1c3c(cc(c(c3O)C(=O)C)OC)O)C(=O)c4cccc(c4C2=O)O)O,SA_0132,AfroDb
Cc1cc(c2c(c1c3c(cc(c(c3O)C(=O)C)OC)OC)C(=O)c4cccc(c4C2=O)O)O,SA_0133,AfroDb
Cc1cc(c2c(c1c3c(cc(c(c3O)C(=O)C)O)O)C(=O)c4cccc(c4C2=O)O)O,SA_0134,AfroDb
Cc1cc2c(c(c1)O)C(=O)c3c(cccc3O)[C@@]2(c4c(cc(c(c4O)C(=O)C)OC)O)O,SA_0135,AfroDb
Cc1c2c(co1)C(=O)c3c(ccc(c3C2=O)O)O,SA_0136,AfroDb
c1cc(c2c(c1O)C(=O)c3coc(c3C2=O)CO)O,SA_0137,AfroDb
Cc1c2c(co1)C(=O)c3c(ccc(c3C2=O)O)OC,SA_0138,AfroDb
COc1cc(cc(c1O)O)CC=C,SA_0140,AfroDb
c1cc(c(cc1c2cc(=O)c3c(cc(cc3o2)O)O)Oc4ccc(cc4O)c5cc(=O)c6c(cc(cc6o5)O)O)O,SA_0141,AfroDb
COc1ccc(cc1Oc2ccc(cc2OC)c3cc(=O)c4c(o3)cc(cc4OC)OC)c5cc(=O)c6c(o5)cc(cc6OC)OC,SA_0142,AfroDb
c1cc(c(cc1C2=CC(=O)c3c(cc(cc3O)O)C2)O)O,SA_0143,AfroDb
CC1=CCCCC1,SA-0144,AfroDb
C[C@@H]1[C@H](Oc2cc(cc(c2C1=O)O)O)C,SA_0145,AfroDb
c1cc(ccc1C[C@H]2COc3cc(c(c(c3C2=O)O)O)O)O,SA_146,AfroDb
COc1c(cc2c(c1O)C(=O)[C@H](CO2)Cc3ccc(cc3)O)O,SA_147,AfroDb
COc1cc(c2c(c1)OC[C@@H](C2=O)Cc3ccc(cc3)O)O,SA_148,AfroDb
COc1ccc(cc1)C[C@H]2COc3cc(cc(c3C2=O)O)O,SA_149,AfroDb
COc1cc2c(c(c1OC)O)C(=O)[C@H](CO2)Cc3ccc(cc3)O,SA_150,AfroDb
COc1cc(c(c2c1C(=O)[C@H](CO2)Cc3ccc(cc3)O)OC)OC,SA_151,AfroDb
c1cc(c(cc1C[C@H]2COc3cc(cc(c3C2=O)O)O)O)O,SA_152,AfroDb
c1cc(ccc1C[C@]2(COc3cc(cc(c3C2=O)O)O)O)O,SA_153,AfroDb
COc1ccc(cc1)[C@@]2(COc3cc(cc(c3C2=O)O)O)O,SA_154,AfroDb
COc1cc2c(cc1OC)[C@]3(C2)COc4cc(cc(c4C3=O)O)O,SA-155,AfroDb
COc1cc(c2c(c1)OC[C@@]3(C2=O)Cc4c3cc(c(c4)OC)OC)O,SA_156,AfroDb
Cc1cc(cc2c1c(=O)c3c(cc(cc3o2)O)O)O,SA_157,AfroDb
Cc1cc(cc2c1c(=O)c3c(cc(cc3o2)OC)O)O,SA_158,AfroDb
CC(C)(C=C)c1c(cc(oc1=O)/C=C/c2ccccc2)OC,SA_159,AfroDb
CC(=CCc1c2c(c(c3c1O[C@@H](CC3=O)c4ccccc4)OC)C=CC(O2)(C)C)C,SA_160,AfroDb
CC(=CCc1c2c(c(c3c1O[C@@H](CC3=O)c4ccccc4)O)C=CC(O2)(C)C)C,SA_161,AfroDb
CC(=CCc1c2c(c(c3c1O[C@@H](CC3=O)c4ccc(cc4)O)O)C=CC(O2)(C)C)C,SA_162,AfroDb
CC1(C=Cc2c(c3c(c4c2O[C@@H]([C@H](C4=O)O)c5ccccc5)OC(C=C3)(C)C)O1)C,SA_163,AfroDb
CC(=CCc1c2c(c(c3c1O[C@@H]([C@H](C3=O)O)c4ccccc4)O)C=CC(O2)(C)C)C,SA_164,AfroDb
CC(=CCc1c2c(c(c3c1O[C@@H]([C@H](C3=O)O)c4ccc(cc4)O)O)C=CC(O2)(C)C)C,SA_165,AfroDb
CC(=CCc1c2c(c(c3c1O[C@@H]([C@H](C3=O)O)c4ccc(cc4)O)OC)C=CC(O2)(C)C)C,SA_166,AfroDb
CC(=CCc1c2c(c(c3c1O[C@@H]([C@H](C3=O)O)c4ccc(cc4)O)O)C=CC(O2)(C)C)C,SA_167,AfroDb
CCCCCCCCCCCCCCCCCCCCCCCCCCOC(=O)CCCCCCCCCCCCCCCCCCCCCCC,SA_168,AfroDb
CC[C@@H](/C=C/[C@@H](C)[C@H]1CC[C@H]2[C@@]1(CC[C@H]3[C@H]2CC=C4[C@@]3(CC[C@@H](C4)O)C)C)C(C)C,SA_169,AfroDb
CC(=C)[C@@H]1CC[C@]2([C@@H]1[C@H]3CC[C@@H]4[C@]5(CC[C@@H](C(C5=CC[C@]4([C@@H]3CC2)C)(C)C)O)C)C,SA_170,AfroDb
CC1([C@@H]2[C@H]1Oc3c2c4c(cc3)C(=O)[C@]5(c6cc(c(cc6OC[C@@H]5O4)OC)OC)O)C,SA_171,AfroDb
CC1(C=Cc2c(ccc3c2O[C@H]4COc5cc(c(cc5[C@@]4(C3=O)O)OC)OC)O1)C,SA_172,AfroDb
CC1(C=Cc2c(ccc3c2O[C@H]4COc5cc(c(cc5[C@@H]4C3=O)OC)OC)O1)C,SA_173,AfroDb
CC1(C=Cc2c(cc(c3c2O[C@H]4COc5cc(c(cc5[C@@H]4C3=O)OC)OC)O)O1)C,SA-174,AfroDb
CC(=C)[C@H]1Cc2c(cc(c3c2O[C@H]4COc5cc(c(cc5[C@@H]4C3=O)OC)OC)O)O1,SA_175,AfroDb
CC(C)(/C=C\c1c(cc(c2c1O[C@@H](CC2=O)c3ccccc3)OC)OC)O,SA_176,AfroDb
CC(=C)/C=C\c1c(cc(c2c1O[C@@H](CC2=O)c3ccccc3)OC)OC,SA-177,AfroDb
C[C@H](/C=C\c1c(cc(c2c1O[C@@H](CC2=O)c3ccccc3)OC)OC)O,SA_178,AfroDb
CC1(C=Cc2c(cc(c3c2O[C@@H](CC3=O)c4ccc(cc4)O)OC)O1)C,SA_179,AfroDb
CC1(C=Cc2c(cc(c3c2O[C@@H]([C@@H](C3=O)O)c4ccccc4)OC)O1)C,SA_180,AfroDb
CC1(C=Cc2c(cc(c3c2O[C@@H](CC3=O)c4ccccc4)OC)O1)C,SA_181,AfroDb
CC1([C@@H]2[C@H]1Oc3c2c4c(c(c3)OC)C(=O)C[C@H](O4)c5ccccc5)C,SA_182,AfroDb
CC(=CCc1c(cc(c2c1O[C@@H](CC2=O)c3ccccc3)OC)O)C,SA_183,AfroDb
C[C@H]1[C@@H]([C@H]([C@@H]([C@H](O1)O[C@H](C[C@]2([C@H]3CC[C@@]4([C@@H]([C@]3([C@H](C[C@@H]2O)O)C)CC=C5[C@]4(CC[C@@]6([C@@H]5C[C@](CC6)(C)C(=O)O)C)C)C)C)C(=O)C)O)O)O,SA-184,AfroDb
C[C@@]12CC[C@@]3(C(=CC[C@H]4[C@]3(CC[C@H]5[C@@]4([C@H](C[C@@H](C5(C)C)O)O)C)C)[C@H]1C[C@]([C@H](C2)O)(C)C(=O)O)C,SA-185,AfroDb
CC[C@H](/C=C/[C@@H](C)[C@H]1CC[C@H]2[C@H]1CC[C@H]3C2=CC[C@H]4[C@@]3(CC[C@@H](C4)O[C@H]5[C@H]([C@@H]([C@H]([C@H](O5)CO)O)O)O)C)C(=C)C,SA_186,AfroDb
CC(=O)N[C@@H]1CCc2cc(c(c(c2-c3c1cc(=O)c(cc3)OC)OC)OC)OC,SA_187,AfroDb
Cn1c2ccccc2c(=O)c3c1[C@]([C@]3(C(=O)OC)OC)(C(=O)OC)OC,SA_188,AfroDb
Cn1c2ccccc2c(=O)c3c1c(c(c(c3OC)OC)OC)OC,SA-189,AfroDb
Cn1c2ccccc2c(=O)c3c1cc(c(c3OC)OC)OC,SA_190,AfroDb
COc1ccc2c(c1OC)nc3ccoc3c2OC,SA_191,AfroDb
Cn1c2ccccc2c(=O)c3c1C([C@@]3(C(=O)OC)OC)(OC)OC,SA_192,AfroDb
Cn1c2ccccc2c(=O)c3c1cc4c(c3OC)OCO4,SA-193,AfroDb
Cc1c(cc2c(c1O)c(=O)c(c(o2)Oc3ccc(cc3)O)O)OC,SA_194,AfroDb
Cc1c(c2c(=O)c(c(oc2c(c1OC)C)Oc3ccc(c(c3)OC)O)OC)O,SA_195,AfroDb
Cc1c(c(c2c(c1O)c(=O)c(c(o2)Oc3ccc(c(c3)OC)O)OC)C)O,SA_196,AfroDb
Cc1cc(ccc1O)Oc2c(c(=O)c3c(c(c(c(c3o2)C)OC)C)O)OC,SA_197,AfroDb
Cc1c(cc2c(c1O)c(=O)c(c(o2)Oc3ccc(c(c3)O)O)OC)O,SA_198,AfroDb
Cc1c(c(c2c(c1O)c(=O)c(c(o2)Oc3ccc(c(c3)O)O)OC)C)O,SA-199,AfroDb
Cc1c(cc2c(c1O)c(=O)c(c(o2)Oc3ccc(c(c3)OC)O)OC)OC,SA_200,AfroDb
CC(=O)O[C@H]1[C@H](/C=C\C=C(/CC[C@@H]2[C@@H]1C(=C)C(=O)O2)\C=O)COC=O,SA_201,AfroDb
CC(=O)O[C@H]1[C@@H](/C=C\C=C(/CC[C@@H]2[C@@H]1C(=C)C(=O)O2)\C=O)COC=O,SA_202,AfroDb
COC(=O)C(=C)[C@@H]1[C@@H](C[C@H](C(=O)OC[C@@H](C[C@H]1OC(=O)C(=C)CO)C=C)C=O)O,SA_203,AfroDb
C[C@@H]1[C@@H]2[C@@H](C[C@H](C(=O)OC[C@@H](C[C@H]2OC(=O)C(=C)CO)C=C)C=O)OC1=O,SA_204,AfroDb
C[C@@H]1[C@@H]2[C@@H](C[C@H](C(=O)OC[C@@H](C[C@H]2OC(=O)C(=C)CO)C=C)C=O)OC1=O,SA_205,AfroDb
C[C@@H]([C@@H]1[C@@H](C[C@H](C(=O)OC[C@@H](C[C@H]1OC(=O)C(=C)CO)C=C)C=O)O)C(=O)O,SA_206,AfroDb
C[C@@H]([C@@H]1[C@@H](C[C@H](C(=O)OC[C@@H](C[C@H]1OC(=O)C(=C)CO)C=C)C=O)O)C(=O)O,SA_207,AfroDb
C=C1[C@H]2[C@@H](C[C@H]3C(=CC=C[C@@]3([C@@H]2O)CO)CO)OC1=O,SA_208,AfroDb
COc1ccc(cc1)Oc2c(c(=O)c3c(cc(cc3o2)O)O)O,SA_209,AfroDb
COc1cc(cc2c1c(=O)c(c(o2)Oc3ccc(cc3)O)OC)O,SA_210,AfroDb
COc1ccc(cc1)Oc2c(c(=O)c3c(o2)cc(cc3OC)O)OC,SA_211,AfroDb
COc1ccc(cc1)Oc2c(c(=O)c3ccc(cc3o2)OC)OC,SA_212,AfroDb
COc1ccc(cc1)Oc2c(c(=O)c3ccc(cc3o2)O)O,SA_213,AfroDb
CC(C)C1=C(C(=O)C2=C(C1=O)[C@@H]([C@H]([C@H]3[C@@]2(CCCC3(C)C)C)O)OC=O)O,SA_214,AfroDb
CC(C)C1=C(C(=O)C2=C(C1=O)[C@@H]([C@H]([C@H]3[C@@]2(CCCC3(C)C)C)O)OC(=O)C)O,SA_215,AfroDb
CC(C)C1=CC2=CC=C3[C@@](C2=C(C1=O)O)(C[C@@H](CC3(C)C)OC(=O)c4ccc(cc4)O)C,SA_216,AfroDb
CC(C)C1=CC2=CC=C3[C@@](C2=C(C1=O)O)(C[C@@H](CC3(C)C)OC(=O)c4ccc(c(c4)O)O)C,SA_217,AfroDb
CC(C)C1=CC2=CC=C3[C@@](CCC[C@@]3(C2=C(C1=O)O)C)(C)COC(=O)C=C(C)C,SA_218,AfroDb
CC(C)C1=CC2=CC=C3[C@@](CCC[C@@]3(C2=C(C1=O)O)C)(C)COC(=O)c4ccc(cc4)O,SA_219,AfroDb
CC(C)C1=CC2=CC=C3[C@@](CCC[C@@]3(C2=C(C1=O)O)C)(C)COC(=O)c4ccc(c(c4)O)O,SA_220,AfroDb
Cn1c2ccccc2c(=O)c3c1[C@]([C@]3(C(=O)OC)OC)(C(=O)OC)OC,SA_221,AfroDb
Cn1c2ccccc2c(=O)c3c1c(c(c(c3OC)OC)OC)OC,SA_222,AfroDb
Cn1c2ccccc2c(=O)c3c1cc(c(c3OC)OC)OC,SA_223,AfroDb
COc1ccc2c(c1OC)Nc3c(cco3)[C@@H]2OC,SA_224,AfroDb
Cn1c2ccccc2c(=O)c3c1C([C@]3(C(=O)OC)OC)(OC)OC,SA_225,AfroDb
Cn1c2ccccc2c(=O)c3c1cc4c(c3OC)OCO4,SA_226,AfroDb
CC#CC#CC#Cc1cc(ccc1O)Cl,SA_227,AfroDb
CC#CC#CC#Cc1cc(ccc1OC)Cl,SA_228,AfroDb
CC1(C=Cc2c(cc3c(c2O)c(=O)c(co3)c4ccc(cc4)O)O1)C,SA_229,AfroDb
CC(=CCc1cc(cc(c1OC)CC=C(C)C)[C@H]2CC(=O)c3c(cc(cc3O2)O)O)C,SA_230,AfroDb
c1cc(c-2coccc12)CO,SA_231,AfroDb
C[C@@]12CC[C@H]3[C@@H]1C=C4C(=O)c5cc(ccc5C(=O)[C@@]4([C@@]3(C)C=O)O2)O,SA_232,AfroDb
C/C=C\1/C[N@@]2CC[C@@]34Cc5cc(ccc5[C@@H]([C@@]36[C@@H]2C[C@@H]1[C@@]4(CO6)C(=O)C)C)O,WA_0001-1,AfroDb
COc1cc2c(cc1OC)[C@H]([C@@H]3[C@@H](C2)COC3=O)c4ccc5c(c4)OCO5,WA_0001,AfroDb
COc1cc2c(c(c3c(c2c4ccc5c(c4)OCO5)C(=O)OC3)O)c(c1OC)OC,WA_0002,AfroDb
COc1cc2c(cc1OC)c(c3c(c2c4ccc5c(c4)OCO5)C(=O)OC3)O,WA_0003,AfroDb
COc1cc2c(c(c1OC)O)c(c3c(c2c4ccc5c(c4)OCO5)C(=O)OC3)OC,WA_0004,AfroDb
COc1cc2c(cc3c(c2c4ccc5c(c4)OCO5)C(=O)OC3)c(c1OC)OC,WA_0005,AfroDb
CC(=CCC/C(=C/Cc1c(cc2c(c1O)C(=O)[C@H]([C@@H](O2)c3ccc(cc3)O)O)O)/C)C,WA_0006,AfroDb
CC(=CCC/C(=C/Cc1c(cc(cc1O)/C=C/c2cc3c(c(c2)O)O[C@]4(C[C@H]([C@H](C([C@@H]4C3)(C)C)O)O)C)O)/C)C,WA_0008,AfroDb
CC(=CCC/C(=C/Cc1c(cc(cc1O)/C=C/c2cc3c(c(c2)OOC)O[C@]4(C[C@H]([C@H](C([C@@H]4C3)(C)C)O)O)C)O)/C)C,WA_0009,AfroDb
CC(=O)OC/C=C/C(=O)C[C@@H]1[C@@H](C[C@]2([C@]1(CC(=O)[C@]3([C@H]2CC=C4[C@@H]3C[C@@H](C(=O)C4(C)C)O)C)C)C)O,WA_0010,AfroDb
C[C@H]1c2ccoc2C[C@H]3[C@H]1CC[C@@]4([C@@]3([C@H](CCC4(C)C)O)C)O,WA_0011,AfroDb
C[C@H]1c2ccoc2C[C@H]3[C@H]1[C@H](C[C@@H]4[C@@]3([C@H](CC[C@]4(C)C(=O)OC)O)C)O,WA_0012,AfroDb
CCCOC(=O)/C=C/c1ccc(c(c1)OC)O,WA_0018,AfroDb
CCCOC(=O)/C=C/c1ccc(c(c1)O)O,WA_0019,AfroDb
COc1cc(ccc1O)/C=C/C(=O)OCCCO,WA_0020,AfroDb
c1c(cc(c(c1O)O)O)C(=O)OC[C@@H]2[C@H]([C@@H]([C@H](CO2)O)O)O,WA_0021,AfroDb
c1c(cc(c(c1O)O)O)C(=O)OC[C@@H]2[C@H]([C@@H]([C@H]([C@@H](O2)OCC#N)O)O)O,NONAME,AfroDb
c1cc(c(cc1[C@@H]2[C@H](Cc3c(cc(cc3O2)O)O)O)O)O,WA_0023,AfroDb
c1cc(c(cc1[C@@H]2[C@@H](Cc3c(cc(cc3O2)O)O)O)O)O,WA_0024,AfroDb
c1cc(c(cc1[C@@H]2[C@@H](Cc3c(cc(cc3O2)O)O)OC(=O)c4cc(c(c(c4)O)O)O)O)O,WA_0025,AfroDb
COc1cc(cc(c1O)O)C(=O)O[C@@H]2Cc3c(cc(cc3O[C@@H]2c4ccc(c(c4)O)O)O)O,WA_0026,AfroDb
COc1cc(cc(c1O)OC)C(=O)O[C@@H]2Cc3c(cc(cc3O[C@@H]2c4ccc(c(c4)O)O)O)O,WA-0027,AfroDb
COc1cc(cc(c1OC)OC)C(=O)O[C@@H]2Cc3c(cc(cc3O[C@@H]2c4ccc(c(c4)O)O)O)O,WA_0028,AfroDb
c1cc(c(cc1c2c(c(=O)c3c(cc(cc3o2)O)O)O[C@@H]4[C@H]([C@@H]([C@H]([C@@H](O4)CO)O)O)O)O)O,WA_0029,AfroDb
C[C@H]1[C@H]([C@@H]([C@@H]([C@H](O1)Oc2c(=O)c3c(cc(cc3oc2c4ccc(c(c4)O)O)O)O)O)O)O,WA_0030,AfroDb
c1cc(c(cc1c2c(c(=O)c3c(cc(cc3o2)O)O)O[C@@H]4[C@H]([C@H]([C@@H](CO4)O)O)O)O)O,WA_0031,AfroDb
C[C@@]1(CC[C@H]2C(=CC[C@@H]3[C@]2(CC[C@@H](C3(C)C)O)C)C1)C=C,WA_0034,AfroDb
C[C@H](CCCCCCC/C(=C/CO)/C)CCCC(C)C,WA_0035,AfroDb
CC[C@@H](C)C(=O)O[C@H]1C/C(=C\C/C(=C/[C@@H]2[C@H]1C(=C)C(=O)CO2)/COC(=O)C)/C=O,WA_0036,AfroDb
CC[C@@H](C)C(=O)O[C@@H]1[C@H]2[C@@H](/C=C(/C/C=C(\[C@H]1OC(=O)C)/C=O)\COC(=O)C)OCC(=O)C2=C,WA_0037,AfroDb
C[C@]12CC[C@H]([C@]([C@@H]1CC[C@@]34[C@@H]2C[C@H]5[C@@H](C3)[C@]5(C4)C)(C)CO)O,WA_0038,AfroDb
C[C@@]1(CC[C@H]2C(=CC[C@@H]3[C@@]2(CC[C@H]([C@]3(C)CO)O)C)C1)C=C,WA_0039,AfroDb
c1ccc2c(c1)cc3c(n2)c4ccccc4[nH]3,WA_0040,AfroDb
Cn1c2ccccc2cc-3nc4ccccc4c13,WA_0041,AfroDb
COc1ccc(cc1)[C@@H]2CC(=O)c3c(cc(cc3O2)OC)O,WA_0042,AfroDb
COc1ccc(cc1)/C=C/C(=O)c2c(cc(c(c2OC)OC)OC)O,WA_0043,AfroDb
C[C@@H]1Cc2ccc(c(c2[C@H](N1)C)O)c3c4cccc(c4c(cc3O)OC)O,WA_0044,AfroDb
Cc1cc2ccc(c(c2c(c1)OC)O)c3ccc4c(c3O)[C@H](N[C@@H](C4)C)C,WA_0045,AfroDb
Cc1cc(c2c(c1c3ccc(c4c3C[C@H](N[C@@H]4C)C)O)cccc2O)OC,WA_0046,AfroDb
C[C@@H]1Cc2ccc(c(c2[C@H](N1)C)O)c3c4cccc(c4c(cc3O)OC)OC,WA_0047,AfroDb
C[C@@H]1Cc2ccc(c(c2[C@H](N1)C)O)[C@H]3c4cccc(c4[C@H](C[C@H]3C)C)OC,WA_0048,AfroDb
Cc1cc(c2c(c1c3ccc4c(c3O)[C@H](N[C@@H](C4)C)C)cccc2OC)OC,WA_0048,AfroDb
C[C@@H]1Cc2ccc(c(c2[C@H](N1)C)O)[C@H]3c4cccc(c4[C@H](C[C@H]3O)C)OC,WA_0049,AfroDb
C[C@@H]1Cc2ccc(c(c2[C@H](N1)C)O)c3c4cccc(c4c(cc3O)OC)O,WA_0049,AfroDb
C[C@@H]1Cc2ccc3c4c5cccc(c5c(cc4c(=O)oc3c2[C@H](N1)C)OC)O,WA_0050,AfroDb
C[C@@H]1Cc2ccc-3c(c2[C@H](N1)C)OC(=O)c4ccc(c5c4c3ccc5O)OC,WA_0050,AfroDb
C[C@@H]1Cc2ccc(c(c2[C@H](N1)C)OC)c3c4cccc(c4c(cc3OC)OC)O,WA_0051,AfroDb
Cc1cc(c2c(c1c3ccc4c(c3OC)[C@H](N[C@@H](C4)C)C)cccc2O)OC,WA_0051,AfroDb
C[C@@H]1Cc2ccc(c(c2[C@H](N1)C)O)c3c4cccc(c4c(cc3OC)OC)O,WA_0052,AfroDb
Cc1cc(c2c(c1c3ccc4c(c3O)[C@H](N[C@@H](C4)C)C)cccc2O)OC,WA_0052,AfroDb
Cc1c(c(=O)c(co1)c2c(cc3c(c2O)c(=O)cc(o3)c4ccccc4)O)OC,WA_0053,AfroDb
Cc1c(c(=O)c(co1)c2c(cc3c(c2O)c(=O)cc(o3)c4ccccc4)OC)OC,WA_0053,AfroDb
Cc1c(c(=O)c(co1)c2c(cc3c(c2O)c(=O)cc(o3)c4ccccc4)O)O,WA_0054,AfroDb
Cc1c(c(=O)c(co1)c2c(cc3c(c2O)c(=O)cc(o3)c4ccccc4)OC)O,WA_0054,AfroDb
Cc1c(c(=O)c(co1)c2c(cc3c(c2O)c(=O)cc(o3)c4ccccc4)OC)O,WA_0055-,AfroDb
Cc1c(c(=O)c(co1)c2c(cc3c(c2OC)c(=O)cc(o3)c4ccccc4)OC)O,WA_0055,AfroDb
Cc1c(c(=O)c(co1)c2c(cc3c(c2OC)c(=O)cc(o3)c4ccccc4)OC)OC,WA_0056-,AfroDb
Cc1c(c(=O)cc(o1)c2c(cc3c(c2OC)c(=O)cc(o3)c4ccccc4)OC)OC,WA_0056,AfroDb
COc1cc2c(c(=O)cc(o2)c3ccccc3)c(c1C4=COC(=C)C4=O)O,WA_0056-,AfroDb
C/C=C/1\C(=O)C(=CO1)c2c(cc3c(c2O)c(=O)cc(o3)c4ccccc4)OC,WA_0057,AfroDb
COc1cc2c(c(=O)cc(o2)c3ccccc3)c(c1C4=COC(=C)C4=O)OC,WA_0058-,AfroDb
C/C=C/1\C(=O)C(=CO1)c2c(cc3c(c2OC)c(=O)cc(o3)c4ccccc4)OC,WA_0058,AfroDb
CC1(C=Cc2c(cc3c(c2O)c(=O)c(co3)c4cc(c(cc4OC)O)OC)O1)C,WA_0059,AfroDb
CC1(C=Cc2c(cc3c(c2O)c(=O)c(co3)c4cc(c(cc4OC)OC)OC)O1)C,WA_0060,AfroDb
CC(=O)Oc1cc(c(cc1OC)c2coc3cc4c(c(c3c2=O)OC(=O)C)C=CC(O4)(C)C)O,WA_0062,AfroDb
CC(=O)[C@H]1Cc2c(ccc3c2O[C@H]4COc5cc(c(cc5[C@@]4(C3=O)O)OC)OC)O1,WA_0063,AfroDb
CC1(C=Cc2c(cc(c(c2OC)/C(=C/C(=O)c3ccccc3)/OC)OC)O1)C,WA_0064,AfroDb
c1ccc2c(c1)C(=O)c3ccncc3C2=O,WA_0065,AfroDb
CN1c2ccccc2[C@@H]3C1=CC(=c4ccccc4=N3)O,WA_0070,AfroDb
Cn1c2ccccc2c(c-3nc4ccccc4c13)n5c6ccccc6c7c5cc8ccccc8n7,WA_0071,AfroDb
Cn1cc-2c3ccccc3nc2c4c1cccc4,WA_0072,AfroDb
Cn1c2ccccc2c(c-3nc4ccccc4c13)c5c6ccccc6n(c-7c8c(nc57)CC=CC8)C,WA_0073,AfroDb
Cn1c2ccccc2cc-3c4ccccc4nc13,WA_0074,AfroDb
C[C@]12CCCC([C@@H]1CC[C@@]3([C@@H]2C/C=C(/CC=O)\C=O)CO3)(C)C,WA-0075,AfroDb
C[C@]12CCCC([C@@H]1CCC(=C)[C@@H]2C/C=C(/CC=O)\C=O)(C)C,WA_0076,AfroDb
CCOC(C/C(=C/C[C@H]1C(=C)CC[C@@H]2[C@@]1(CCCC2(C)C)C)/C=O)OCC,WA_0077,AfroDb
CC(=CCC/C(=C/CC[C@](C)(C=C)O)/C)C,WA_0078,AfroDb
C[C@]12CCCC([C@@H]1CCC(=C)[C@@H]2[C@@H]3C=C(C[C@H](OO3)O)C=O)(C)C,WA_0079,AfroDb
C[C@]12CCCC([C@@H]1CC[C@@]3([C@@H]2CC=C(C[C@@H]3O)C=O)C=O)(C)C,WA_0080,AfroDb
C[C@]12CCCC([C@@H]1CC[C@@]3([C@@H]2CC=C(C[C@H]3O)C=O)C=O)(C)C,WA_0081,AfroDb
C[C@]12CCCC([C@@H]1CC[C@]3([C@@H]2C/C=C/4\CCOC4=O)CO3)(C)C,WA_0082,AfroDb
COc1cc(ccc1O)/C=C/C(=O)OCCCCCCCCCCCCCCCCCCCCCCCC(=O)OC[C@H](CO)O,WA_0083,AfroDb
COc1cc(ccc1OCC(=O)O)/C=C/C(=O)OCCCCCCCCCCCCCCCCCCCCCCCC(=O)OC[C@H](COCC(=O)O)OCC(=O)O,WA_0084,AfroDb
COc1cc(ccc1O)/C=C/C(=O)OCCCCCCCCCCCCCCCCCCCCCCCCCCCCCCCCCCCCCCCCCCCCCC(=O)OC[C@@H](CO)O,WA_0085,AfroDb
COc1cc(ccc1OCC(=O)O)/C=C/C(=O)OCCCCCCCCCCCCCCCCCCCCCCCCCCCCCCCCCCCCCCCCCCCCCC(=O)OC[C@@H](COCC(=O)O)OCC(=O)O,WA_0086,AfroDb
c1cc(c(c(c1)O)O)[C@H]2[C@@H](C(=O)c3c(cc(cc3O2)O)O)O[C@@H]4[C@@H]([C@@H]([C@H](CO4)O)O)O,WA_0087,AfroDb
c1cc(c(cc1[C@@H]2[C@H](C(=O)c3c(cc(cc3O2)O)O)[C@@H]4[C@@H]([C@@H]([C@H](CO4)O)O)O)O)O,WA_0088,AfroDb
c1cc(c(cc1[C@H]2[C@H](C(=O)c3c(cc(cc3O2)O)O)[C@@H]4[C@@H]([C@@H]([C@H](CO4)O)O)O)O)O,WA_0089,AfroDb
c1cc(c(cc1[C@@H]2[C@@H](C(=O)c3c(cc(cc3O2)O)O)[C@H]4[C@H]([C@H]([C@@H](CO4)O)O)O)O)O,WA_0090,AfroDb
C[N@@]1CCc2cc(c(c-3c2[C@@H]1Cc4c3c(c(cc4)OC)O)OCO)OCO,WA_0091,AfroDb
C[N@@]1CCc2cc(c(c-3c2[C@@H]1Cc4c3c(c(cc4)OC)O)OC)OC,WA_0092,AfroDb
C[N@@]1CCc2cc(c(c-3c2[C@@H]1Cc4c3cc(c(c4)O)OC)OC)O,WA_0093,AfroDb
C[N@@]1CCc2cc(c(c-3c2[C@@H]1Cc4c3cc(c(c4)OC)OC)OC)OC,WA_0094,AfroDb
COc1cc-2c(cc1O)C[C@H]3c4c2c(c(cc4CCN3)OCO)OCO,WA_0095,AfroDb
C[N@]1CCc2cc(c(c-3c2[C@@H]1Cc4c3cc(c(c4)OC)OC)OCO)OCO,WA-0096,AfroDb
COc1cc-2c(cc1O)C[C@H]3c4c2c(c(c(c4CCN3)OC)OCO)OCO,WA_0097,AfroDb
C[C@@H]1CC[C@@]2(CC[C@@]3(C(=CC[C@H]4[C@]3(CC[C@@H]5[C@@]4(CC[C@@H](C5(C)C)O)C)C)[C@H]2[C@H]1C)C)C,WA_0098,AfroDb
C[C@@H]1CC[C@@]2(CC[C@@]3(C(=CC[C@H]4[C@]3(CC[C@@H]5[C@@]4(CC[C@@H](C5(C)C)O)C)C)[C@H]2[C@H]1C)C)CO,WA_0099,AfroDb
C[C@@H]1CC[C@@]2(CC[C@@]3(C(=CC[C@H]4[C@]3(CC[C@@H]5[C@@]4(CC[C@@H](C5(C)C)O)C)C)[C@H]2[C@H]1C)C)C(=O)O,WA_0100,AfroDb
C[C@@]12CC[C@@]3(C(=CC[C@H]4[C@]3(CC[C@@H]5[C@@]4(CC[C@@H](C5(C)C)O)C)C)[C@H]1CC(CC2)(C)C)C,WA_0101,AfroDb
C[C@]12CC[C@@H](C([C@@H]1CC[C@@]3([C@@H]2CC=C4[C@]3(CC[C@@]5([C@@H]4CC(CC5)(C)C)CO)C)C)(C)C)O,WA_0102,AfroDb
C[C@]12CC[C@@H](C([C@@H]1CC[C@@]3([C@@H]2CC=C4[C@]3(CC[C@@]5([C@@H]4CC(CC5)(C)C)C(=O)O)C)C)(C)C)O,WA_0103,AfroDb
CC(=O)[C@@H]1CC[C@]2([C@H]1[C@H]3CC[C@@H]4[C@]5(CC[C@@H](C([C@@H]5CC[C@]4([C@@]3(CC2)C)C)(C)C)O)C)C,WA_0104,AfroDb
CC(=O)[C@@H]1CC[C@]2([C@H]1[C@H]3CC[C@@H]4[C@]5(CC[C@@H](C([C@@H]5CC[C@]4([C@@]3(CC2)C)C)(C)C)O)C)CO,WA_0105,AfroDb
CC(=O)[C@@H]1CC[C@]2([C@H]1[C@H]3CC[C@@H]4[C@]5(CC[C@@H](C([C@@H]5CC[C@]4([C@@]3(CC2)C)C)(C)C)O)C)C(=O)O,WA_0106,AfroDb
CC[C@H](CC[C@H](C)[C@H]1CC[C@H]2[C@]1(CC[C@@H]3[C@@H]2CC=C4[C@]3(CC[C@@H](C4)O)C)C)C(C)C,WA_0108,AfroDb
CC[C@H](/C=C/[C@H](C)[C@H]1CC[C@H]2[C@]1(CC[C@@H]3[C@@H]2CC=C4[C@]3(CC[C@@H](C4)O)C)C)C(C)C,WA_0109,AfroDb
CC[C@@H](CC[C@H](C)[C@H]1CC[C@H]2[C@]1(CC[C@@H]3[C@@H]2CC=C4[C@]3(CC[C@@H](C4)O)C)C)C(=O)C,WA_0110,AfroDb
C[C@@H](CC[C@@](C=O)(C(C)C)O)[C@H]1CC[C@H]2[C@]1(CC[C@@H]3[C@@H]2CC=C4[C@]3(CC[C@@H](C4)O)C)C,WA_0111,AfroDb
C[C@@H](CC[C@@](C=O)(C(C)C)OO)[C@H]1CC[C@H]2[C@]1(CC[C@@H]3[C@@H]2CC=C4[C@]3(CC[C@@H](C4)O)C)C,WA_0112,AfroDb
c1ccc(cc1)[C@@H](C#N)O[C@H]2[C@@H]([C@H]([C@@H]([C@@H](O2)CO)O)O)O,WA_0113,AfroDb
c1c(cc(c(c1O)O)O)C(=O)O,WA_0114,AfroDb
c1c(cc(c(c1O)O)O)C(=O)O[C@H]2[C@@H]([C@@H]([C@@H]([C@H](O2)CO)O)O)O,WA_0115,AfroDb
c1c(cc(c(c1O)O)O)C(=O)OC[C@@H]2[C@@H]([C@@H]([C@H]([C@@H](O2)OC(=O)c3cc(c(c(c3)O)O)O)O)O)O,WA_0116,AfroDb
c1cc(c(cc1C2=C(C(=O)c3c(cc(cc3O)O)C2)O)O)O,WA_0117,AfroDb
C[C@@H]1CO[C@]([C@@H]([C@H]1O)O)(O)OC2=C(Cc3cc(cc(c3C2=O)O)O)c4ccc(c(c4)O)O,WA_0118,AfroDb
c1cc(c(cc1C2=C(C(=O)c3c(cc(cc3O)O)C2)O[C@H]4[C@H]([C@H]([C@H](O4)CO)O)O)O)O,WA_0119,AfroDb
c1cc(c(cc1C2=C(C(=O)c3c(cc(cc3O)O)C2)O[C@@H]4CC[C@H]([C@@H]([C@H]4O)O)O)O)O,WA_0120,AfroDb
c1cc(c(cc1c2c(c(=O)c3c(cc(cc3o2)O)O)O[C@H]4[C@@H]([C@@H]([C@@H]([C@@H](O4)COC(=O)c5cc(c(c(c5)O)O)O)O)O)O)O)O,WA_0121,AfroDb
c1cc(ccc1c2c(c(=O)c3c(cc(cc3o2)O)O)O[C@H]4[C@@H]([C@@H]([C@@H]([C@@H](O4)COC(=O)c5cc(c(c(c5)O)O)O)O)O)O)O,WA_0122,AfroDb
CC1(C=Cc2c(ccc3c2OC[C@H]4[C@H]3Oc5c4c(cc(c5)O)CO)O1)C,WA_0123,AfroDb
c1cc(cc(c1)O)C2=C(C(=O)c3c(cc(cc3O)O)C2)O[C@@H]4[C@H]([C@@H]([C@H]([C@@H](O4)CO)OC(=O)c5cc(c(c(c5)O)O)O)O)O,WA_0124,AfroDb
COc1c(cc2c(c1O)[C@@H]3[C@H]([C@@H]([C@H]([C@@H](O3)COC(=O)/C=C/c4ccc(c(c4)O)O)O)O)OC2=O)O,WA_0125,AfroDb
c1cc(c(cc1c2c(c(=O)c3c(cc(cc3o2)O[C@H]4CO[C@@H]([C@H]([C@H]4O)O)C(O)O)O)O)O[C@H]5[C@@H]([C@H]([C@@H]([C@H](O5)CO)O)O)O)O,WA_0126,AfroDb
C[C@@H]1[C@H]([C@@H]([C@H]([C@@H](O1)Oc2cc(ccc2O)c3c(c(=O)c4c(cc(cc4o3)O[C@H]5CO[C@@H]([C@H]([C@H]5O)O)C(O)O)O)O)O)O)O,WA-0128,AfroDb
C[C@@]12CCC(=O)[C@]([C@H]1CC[C@@]34[C@@H]2C[C@H]5[C@@H](C3)[C@H]5C4)(C)CO,WA_0129,AfroDb
C[C@@]12CCC(=O)[C@]([C@H]1CC[C@]34[C@@H]2C[C@H]5[C@H]([C@H]5C3=O)C4=O)(C)CO,WA_0130,AfroDb
c1cc(c(cc1C(=O)O)O)O,WA_0131,AfroDb
c1cc(c(cc1C=O)O)O,WA_0132,AfroDb
CC(=O)O[C@@H]1C[C@H]2[C@@H](O2)CC[C@@]3([C@H](O3)C[C@@H]4CC(=O)C(=C)[C@@H]1C4(C)C)C,WA_0133,AfroDb
C[C@@]12CC[C@H]3[C@@H](O3)C[C@H]([C@@H]4C(=C)C(=O)C[C@H](C4(C)C)C[C@H]1O2)O,WA_0134,AfroDb
Cc1cc2c(c(c1)O)C(=O)c3c(cc(cc3O)O)C2=O,WA_0135,AfroDb
CC(C)/C=C/[C@H](C/C(=C/CC[C@](C)(C=C)O)/C)OC(=O)C,WA_0136,AfroDb
Cc1cc2ccc(c(c2cc1OC)O)c3ccc4c(c3O)[C@H](N[C@@H](C4)C)C,BMC_000100,AfroDb
CC1(CCc2cc(ccc2O1)/C=C/C(=O)c3ccc(cc3O)O)C,BMC_000102,AfroDb
Cc1ccc2c(c1C[C@H]3C(=C)CC[C@H]4[C@@]3(CCC[C@@]4(C)C(=O)O)C)C(=O)C(=C(C2=O)C)O,BMC_000107,AfroDb
Cc1cc(cc2c1O[C@@](C=C2)(C)CC/C=C(\C)/CC/C=C(/CCC=C(C)C)\C(=O)O)O,BMC_000108,AfroDb
COc1cc(c2c(c1)occ(c2=O)c3ccc(cc3)O)O,BMC_000109,AfroDb
CC[C@@H](CC[C@@H](C)[C@@H]1CC[C@@H]2[C@]1(C[C@@H]3[C@@H]4[C@@]3(C2)CC=C5[C@@]4(CC[C@@H](C5)O[C@H]6[C@@H]([C@H]([C@@H]([C@@H](O6)CO)O)O)O)C)C)C(C)C,BMC_000110,AfroDb
CC[C@@H](CC[C@H](C)[C@@H]1CC[C@@H]2[C@]1(C[C@@H]3[C@@H]4[C@@]3(C2)CC=C5[C@@]4(CCCC5)C)C)C(C)C,BMC_000111,AfroDb
CCCCCCCCCCCCCCCCCC/C=C/[C@H]([C@@H](CO)NC(=O)[C@@H](/C=C/CCCCCCCCCCCCCCCCC)O)O,BMC_000113,AfroDb
C[C@]12CC[C@H](C([C@H]1CC[C@]3([C@H]2C/C=C(/[C@@H]4CO4)\C(=O)OC)CO3)(C)C)O,BMC_000114,AfroDb
C[C@]12CCCC([C@H]1CC[C@]3([C@H]2C/C=C(/[C@@H]4CO4)\C(=O)OC)CO3)(C)C,BMC_000115,AfroDb
CCC(CC)CCC[C@H](C)[C@@H]1CC[C@H]2[C@]1(CC[C@@]34[C@H]2CC=C5[C@@]3(C4)CC[C@H](C5)O[C@H]6[C@@H]([C@H]([C@@H]([C@H](O6)CO)O)O)O)C,BMC_00025,AfroDb
c1c2c(cc3c1OCO3)C(=O)N4CCC5=CCC=C2[C@@H]54,BMC_00027,AfroDb
Cc1cc2c(cc1O)C(=O)N3CCC4=CCC=C2[C@@H]43,BMC_00028,AfroDb
CC(=CCCc1cc(ccc1O)/C=C/C(=O)c2cc3c(cc2O)O[C@H](C3)C(C)(C)O)C,BMC_00098,AfroDb
CC(C)(C=C)c1c(cc(c2c1oc3cc(c(cc3c2=O)O)O)O)O,NPR_000132,AfroDb
CC[C@@H](C)[C@@H]1C[C@H]2[C@@]3(CC[N@@]2C)c4ccccc4N/5[C@H]3C1=CN6c7ccccc7[C@@]8([C@H]6/C(=C5)/C9=CCN[C@@H]8C9)CC1=C[C@@H]2[C@H]([C@H]\3[C@H]4[C@@]5([C@@H]2N(C1=O)c1c5cccc1)CC[N@]4C/C3=C/C)C,NPR_00029,AfroDb
Cc1cc2c(cc(c(c2c(c1)OC)O)c3cc(c4cc(cc(c4c3O)OC)C)c5c(cc(c6c5C[C@@H](N[C@@H]6C)C)O)O)c7c(cc(c8c7C[C@@H](C[C@H]8C)C)O)O,NPR_0003,AfroDb
CC(=CCOc1cc2cc3c(c(c2c(c1)O)O)C(=O)C[C@@](C3)(C)OC(=O)C)C,NPR_00071,AfroDb
CC(=CC[C@H]1C[C@]2(C(=C(C(=O)[C@](C2=O)([C@]1(C)CC=C(C)C)CC=C(C)C)C(=O)c3ccc(c(c3)O)O)O)CC=C(C)C)C,NPR_00075,AfroDb
CC(=CCc1c2c(cc(c1OC)O)oc3cc4c(cc3c2=O)cc(o4)C(C)(C)O)C,NPR_00076,AfroDb
CC1=C[C@H]2c3c(cc(cc3O[C@]4([C@@H]2[C@H](C1)c5ccc(cc5O4)O)c6ccc(c(c6O)CC=C(C)C)O)c7cc8ccc(cc8o7)O)O,NPR_00083,AfroDb
