,molecule_chembl_id,SMILES,pIC50
0,CHEMBL4170225,COc1cc2c(=NC3CCN(C)CC3)cc(-c3ccc(C)[nH]3)[nH]c2cc1OCCCN1CCCC1,9.301029995663981
1,CHEMBL4162206,COc1cc2c(=NC3CCN(C(C)C)CC3)cc(C3CCCCC3)[nH]c2cc1OCCCN1CCCC1,9.154901959985743
2,CHEMBL3109639,COc1cc2c(cc1OCCCN1CCCC1)N=C(N)C2(C)C,9.045757490560675
3,CHEMBL3109631,COc1cc2c(cc1OCC1CCN(C)C1)N=C(N)C21CCC1,9.0
4,CHEMBL5187766,COc1cc2c(=NCCN)cc[nH]c2cc1OCCCN1CCCC1,8.795880017344075
5,CHEMBL4160008,CCc1ccc(-c2cc(=NC3CCN(C)CC3)c3cc(OC)c(OCCCN4CCCC4)cc3[nH]2)o1,8.698970004336019
6,CHEMBL1829295,COc1cc2c(=NC3CCN(C(C)C)CC3)[nH]c(N3CCCN(C(C)C)CC3)nc2cc1OCCCN1CCCC1,8.698970004336019
7,CHEMBL4159604,COc1cc2c(=NC3CCN(C)CC3)cc(C3CCCCC3)[nH]c2cc1OCCCN1CCCC1,8.698970004336019
8,CHEMBL5195846,COc1cc2c(=N)cc[nH]c2cc1OCCCN1CCCC1,8.619788758288394
9,CHEMBL4173626,CCc1ccc(-c2cc(=NC3CCN(C(C)C)CC3)c3cc(OC)c(OCCCN4CCCC4)cc3[nH]2)o1,8.522878745280337
10,CHEMBL4171233,COc1cc2c(=NC3CCN(C(C)C)CC3)cc(-c3ccc(C)o3)[nH]c2cc1OCCCN1CCCC1,8.522878745280337
11,CHEMBL3109630,COc1cc2c(cc1OCCCN1CCCC1)N=C(N)C21CCC1,8.522878745280337
12,CHEMBL4795328,CN=c1cc(C)[nH]c(=Nc2ccc(OC(F)F)c(C3=CCNCCC3)c2)[nH]1,8.488116639021126
13,CHEMBL3109637,COc1cc2c(cc1OCCCN1CCC(F)C1)N=C(N)C21CCC1,8.431798275933005
14,CHEMBL4865830,COc1cc2c(=NCC3CCN(c4ncc(C(O)=NO)cn4)CC3)cc(C)[nH]c2cc1OCCCN1CCCC1,8.397940008672037
15,CHEMBL4287479,COc1cc2c(=NC3CCN(C(C)C)CC3)[nH]c(N3CCN(C)CC3)nc2cc1OCCCN1CCCCC1,8.397940008672037
16,CHEMBL1829305,COc1cc2c(=NC3CCN(CC4CCCCC4)CC3)[nH]c(N3CCCN(C(C)C)CC3)nc2cc1OCCCN1CCCCC1,8.397940008672037
17,CHEMBL4741874,CN=c1cc(C)[nH]c(=Nc2ccc(OC)c(C3=CCNCCC3)c2)[nH]1,8.365522729839268
18,CHEMBL3109634,COc1cc2c(cc1OCCCN1CC(F)C1)N=C(N)C21CCC1,8.318758762624412
19,CHEMBL3109632,COc1cc2c(cc1OCC1CCCN1C)N=C(N)C21CCC1,8.301029995663981
20,CHEMBL4211688,CCc1ccc(-c2cc(=NCC3C4CCC3CN(C)C4)c3cc(OC)c(OCCCN4CCCC4)cc3[nH]2)o1,8.301029995663981
21,CHEMBL1829294,CCN1CCCN(c2nc(=NC3CCN(C(C)C)CC3)c3cc(OC)c(OCCCN4CCCC4)cc3[nH]2)CC1,8.301029995663981
22,CHEMBL5193402,COc1cc2c(=NCCNC(C)=O)cc[nH]c2cc1OCCCN1CCCC1,8.2839966563652
23,CHEMBL4458252,COc1cc2c(cc1OCCCN1CCCC1)N=C(N)C21CCCC1,8.221848749616356
24,CHEMBL4163369,COc1cc2c(=NC3CCN(C)CC3)cc(C)[nH]c2cc1OCCCN1CCCC1,8.221848749616356
25,CHEMBL4163329,COc1cc2c(=NC3CCNCC3)cc(-c3ccc(C)o3)[nH]c2cc1OCCCN1CCCC1,8.221848749616356
26,CHEMBL4173668,COc1cc2c(=NC3CCN(C)CC3)cc(C3=CCCCC3)[nH]c2cc1OCCCN1CCCC1,8.221848749616356
27,CHEMBL1829304,COc1cc2c(=NC3CCN(C4CCCCC4)CC3)[nH]c(N3CCCN(C(C)C)CC3)nc2cc1OCCCN1CCCCC1,8.221848749616356
28,CHEMBL4756618,CN=c1cc(C)[nH]c(=Nc2ccc(Cl)c(C3=CCNCCC3)c2)[nH]1,8.199282921717614
29,CHEMBL4173662,COc1cc2c(=NC3CCN(C)CC3)cc(-c3ccoc3)[nH]c2cc1OCCCN1CCCC1,8.154901959985743
30,CHEMBL4204482,COc1cc2c(=NC3CC4(CCN(C(C)C)CC4)C3)cc(-c3ccc(C)o3)[nH]c2cc1OCCCN1CCCC1,8.154901959985743
31,CHEMBL1829297,COc1cc2c(=NC3CCN(C(C)C)CC3)[nH]c(N3CCCN(CC4CCCCC4)CC3)nc2cc1OCCCN1CCCC1,8.154901959985743
32,CHEMBL4848955,COc1cc2[nH]c(C)cc(=NCC3CCN(c4ncc(C(O)=NO)cn4)CC3)c2cc1OC,8.142667503568731
33,CHEMBL1828637,COc1cc2c(=NC3CCN(C(C)C)CC3)[nH]c(N3CCCN(C(C)C)CC3)nc2cc1OCCCN1CCCCC1,8.096910013008056
34,CHEMBL4290900,COc1cc2c(=NC3CCN(Cc4ccccc4)CC3)[nH]c(N3CCN(C)CC3)nc2cc1OCCCN(C)C,8.096910013008056
35,CHEMBL4170114,COc1cc2c(=NC3CCN(C)CC3)cc(-c3ccc(C)o3)[nH]c2cc1OCCCN1CCCC1,8.096910013008056
36,CHEMBL1829299,COc1cc2c(=NC3CCN(C(C)C)CC3)[nH]c(N3CCCN(Cc4ccccc4)CC3)nc2cc1OCCCN1CCCC1,8.045757490560675
37,CHEMBL4294283,COc1cc2[nH]c(N3CCCN(C)CC3)nc(=NC3CCN(CC4CCCCC4)CC3)c2cc1OC,8.0
38,CHEMBL1829293,COc1cc2c(=NC3CCN(C(C)C)CC3)[nH]c(N3CCCN(C)CC3)nc2cc1OCCCN1CCCC1,8.0
39,CHEMBL1829298,COc1cc2c(=NC3CCN(C(C)C)CC3)[nH]c(N3CCCN(c4ccccc4)CC3)nc2cc1OCCCN1CCCC1,8.0
40,CHEMBL4747198,CCN1CC=C(c2cc(N=c3[nH]c(C)cc(=NC)[nH]3)ccc2OC)CCC1,7.978810700930062
41,CHEMBL4216144,COc1cc2c(=NC3CC4(CCN(C)C4)C3)cc(-c3ccc(C)o3)[nH]c2cc1OCCCN1CCCC1,7.958607314841775
42,CHEMBL1829306,COc1cc2c(=NC3CCN(C4CCCCC4)CC3)[nH]c(N3CCCN(C)CC3)nc2cc1OCCCN1CCCCC1,7.958607314841775
43,CHEMBL1231795,COc1cc2c(=NC3CCN(C(C)C)CC3)[nH]c(C3CCCCC3)nc2cc1OCCCN1CCCC1,7.920818753952375
44,CHEMBL4177036,COc1cc2c(=NC3CCN(C)CC3)cc(C3=CCOCC3)[nH]c2cc1OCCCN1CCCC1,7.920818753952375
45,CHEMBL4205373,COc1cc2c(=NC3CC4CCC(C3)N4C)cc(-c3ccc(C)o3)[nH]c2cc1OCCCN1CCCC1,7.886056647693163
46,CHEMBL4203647,COc1cc2c(=NCC3CCN(C(C)C)CC3)cc(-c3ccc(C)o3)[nH]c2cc1OCCCN1CCCC1,7.886056647693163
47,CHEMBL3621579,COc1cc2[nH]c(N3CCCN(C)CC3)cc(=NC3CCN(Cc4ccccc4)CC3)c2cc1OC,7.886056647693163
48,CHEMBL2441080,COc1cc2c(=NC3CCN(C(C)C)CC3)[nH]c(N3CCS(=O)(=O)CC3)nc2cc1OCCCN1CCCC1,7.853871964321762
49,CHEMBL4582775,COc1cc2c(=NC3CCN(C)CC3)[nH]c(N3CCCN(C)CC3)nc2cc1C#CCN1CCCC1,7.853871964321762
50,CHEMBL4741567,CN=c1cc(C)[nH]c(=Nc2ccc(C)c(C3=CCNCCC3)c2)[nH]1,7.847711655616943
51,CHEMBL4461224,COc1cc2c(=NC3CCN(C)CC3)[nH]c(N3CCCN(C)CC3)nc2cc1CCCN(C)C,7.823908740944319
52,CHEMBL4175084,COc1cc2c(=NC3CCN(C)CC3)cc(-c3ccc(CO)o3)[nH]c2cc1OCCCN1CCCC1,7.823908740944319
53,CHEMBL4206035,COc1cc2c(=NC3CC4(CCN(C)CC4)C3)cc(-c3ccc(C)o3)[nH]c2cc1OCCCN1CCCC1,7.823908740944319
54,CHEMBL576781,COc1cc2c(=NC3CCN(C)CC3)[nH]c(N3CCCN(C)CC3)nc2cc1OCCCN(C)C,7.823908740944319
55,CHEMBL4174724,COc1cc2c(=NC3CCN(C)CC3)cc(-c3ccccc3)[nH]c2cc1OCCCN1CCCC1,7.823908740944319
56,CHEMBL4752510,CN=c1cc(C)[nH]c(=Nc2ccc(OC)c(C3=CCN(C)CCC3)c2)[nH]1,7.82102305270683
57,CHEMBL4783331,CN=c1cc(C)[nH]c(=Nc2ccc(C#N)c(C3=CCNCCC3)c2)[nH]1,7.818156412055227
58,CHEMBL5172085,COc1cc2c(=NCCC(N)=O)cc[nH]c2cc1OCCCN1CCCC1,7.798602875679548
59,CHEMBL4208004,COc1cc2c(=NCC3CCN(C)CC3)cc(-c3ccc(C)o3)[nH]c2cc1OCCCN1CCCC1,7.795880017344075
60,CHEMBL1829300,COc1cc2c(=NC3CCN(C(C)C)CC3)[nH]c(N3CCCCC3)nc2cc1OCCCN1CCCC1,7.795880017344075
61,CHEMBL4759665,CN=c1cc(C)[nH]c(=Nc2ccc(OC)c(OCCCN3CCCC3)c2)[nH]1,7.772113295386326
62,CHEMBL4167925,COc1cc2c(=NC3CCN(C)CC3)cc(C3CCOCC3)[nH]c2cc1OCCCN1CCCC1,7.769551078621726
63,CHEMBL4212905,CCc1ccc(-c2cc(=NCC3CCN(C)CC3)c3cc(OC)c(OCCCN4CCCC4)cc3[nH]2)o1,7.744727494896694
64,CHEMBL5183771,COc1cc2c(N3CC4(CCN4)C3)ccnc2cc1OCCCN1CCCC1,7.735182176990463
65,CHEMBL1829301,COc1cc2c(=NC3CCN(C(C)C)CC3)[nH]c(N3CCCCCC3)nc2cc1OCCCN1CCCC1,7.698970004336019
66,CHEMBL4467219,COc1cc2c(=NC3CCN(C)CC3)[nH]c(N3CCCN(C)CC3)nc2cc1CCCN1CCCC1,7.67778070526608
67,CHEMBL1829303,COc1cc2c(=NC3CCN(C(C)C)CC3)[nH]c(C3CCCCC3)nc2cc1OCCOCCN(C)C,7.67778070526608
68,CHEMBL4216663,COc1cc2c(=NCC3C4CCC3CN(C)C4)cc(-c3ccc(C)o3)[nH]c2cc1OCCCN1CCCC1,7.67778070526608
69,CHEMBL4210033,CCc1ccc(-c2cc(=NC3CCN(C)CC3)c3cc(OC)c(OCCCN4CCCCC4)cc3[nH]2)o1,7.67778070526608
70,CHEMBL1829296,COc1cc2c(=NC3CCN(C(C)C)CC3)[nH]c(N3CCCN(C4CCCCC4)CC3)nc2cc1OCCCN1CCCC1,7.657577319177793
71,CHEMBL4162911,COc1cc2c(=NC3CCN(C4CC4)CC3)cc(-c3ccc(C)o3)[nH]c2cc1OCCCN1CCCC1,7.657577319177793
72,CHEMBL4454542,COc1cc2c(cc1OCCCN1CCCC1)=NC(C1CCCCC1)C=NC=2NC1CCN(C(C)C)CC1,7.638272163982407
73,CHEMBL4176464,CCc1ccc(-c2cc(=NC3CCN(C4CC4)CC3)c3cc(OC)c(OCCCN4CCCC4)cc3[nH]2)o1,7.619788758288394
74,CHEMBL4286398,COc1cc2[nH]c(N3CCN(C)CC3)nc(=NC3CCN(CC4CCCCC4)CC3)c2cc1OC,7.602059991327963
75,CHEMBL4855710,COc1cc2c(=NC3CCN(c4ccc(C(O)=NO)cc4)CC3)cc(-c3ccc(C)o3)[nH]c2cc1OCCCN1CCCC1,7.602059991327963
76,CHEMBL2441079,COc1cc2c(=NC3CCN(C(C)C)CC3)[nH]c(N3CC(F)(F)C(F)(F)C3)nc2cc1OCCCN1CCCC1,7.585026652029182
77,CHEMBL4166410,COc1cc2c(=NC3CCN(C)CC3)cc(C3CCC(C)O3)[nH]c2cc1OCCCN1CCCC1,7.568636235841012
78,CHEMBL4753571,CN=c1cc(C)[nH]c(=Nc2ccc(OC)c(C3CCCNCC3)c2)[nH]1,7.549750891680639
79,CHEMBL5199280,COc1cc2c(N3CC(C(N)=O)C3)ccnc2cc1OCCCN1CCCC1,7.542118103266008
80,CHEMBL4464846,COc1cc2c(=NC3CCN(C)CC3)[nH]c(N3CCCN(C)CC3)nc2cc1CCCN(C)CCO,7.522878745280337
81,CHEMBL4287643,COc1cc2[nH]c(N3CCN(C)CC3)cc(=NC3CCN(C)CC3)c2cc1OC,7.522878745280337
82,CHEMBL1829307,COc1cc2c(=NC3CCN(C(C)C)CC3)[nH]c(N3CCCCCC3)nc2cc1OCCCN1CCCCC1,7.508638306165727
83,CHEMBL3621580,COc1cc2[nH]c(N3CCN(C)CC3)cc(=NC3CCN(Cc4ccccc4)CC3)c2cc1OC,7.508638306165727
84,CHEMBL4452780,COc1cc2c(=NC3CCN(C)CC3)[nH]c(N3CCCN(C)CC3)nc2cc1CCC1CCCCN1,7.494850021680094
85,CHEMBL4863011,COc1cc2c(=NC3CCN(c4ncc(C(O)=NO)cn4)CC3)cc(C)[nH]c2cc1OCCCN1CCCC1,7.468521082957745
86,CHEMBL4872782,COc1cc2c(=NCC3CCN(C4CCC(C(O)=NO)CC4)CC3)cc(-c3ccc(C)o3)[nH]c2cc1OCCCN1CCCC1,7.42021640338319
87,CHEMBL4284108,CCCCCCOc1cc2[nH]c(N3CCCN(C)CC3)nc(=NC3CCN(Cc4ccccc4)CC3)c2cc1OC,7.4089353929735
88,CHEMBL4291978,CCCCCCOc1cc2[nH]c(=NCCCN(C)C)[nH]c(=NC3CCN(Cc4ccccc4)CC3)c2cc1OC,7.4089353929735
89,CHEMBL2441082,COc1cc2c(=NC3CCN(C(C)C)CC3)[nH]c(N3CCC(F)(F)CC3)nc2cc1OCCCN1CCCC1,7.397940008672037
90,CHEMBL4164497,COc1cc2c(=NC3CCN(C)CC3)cc(-c3cccnc3)[nH]c2cc1OCCCN1CCCC1,7.397940008672037
91,CHEMBL4207331,COc1cc2c(=NC3C4CCC3CN(C)C4)cc(-c3ccc(C)o3)[nH]c2cc1OCCCN1CCCC1,7.387216143280265
92,CHEMBL4162967,COc1cc2c(=NC3CCN(C)CC3)cc(N3CCN(C)CC3)[nH]c2cc1OCCCN1CCCC1,7.376750709602099
93,CHEMBL4159597,COc1cc2c(=NC3CCN(C)CC3)cc(-c3ccc(C)s3)[nH]c2cc1OCCCN1CCCC1,7.366531544420413
94,CHEMBL4161915,COc1cc2c(=NC3CCN(C)CC3)cc(-c3ccn(C)n3)[nH]c2cc1OCCCN1CCCC1,7.356547323513812
95,CHEMBL4856184,COc1cc2c(=NCC3CCN(Cc4ccc(C(O)=NO)cc4)CC3)cc(-c3ccc(C)o3)[nH]c2cc1OCCCN1CCCC1,7.337242168318426
96,CHEMBL4568910,COc1cc2c(=NC3CCN(C)CC3)[nH]c(N3CCCN(C)CC3)nc2cc1C#CCN(C)C,7.327902142064282
97,CHEMBL4854447,COc1cc2c(=NC3CCN(Cc4ccc(C(O)=NO)cc4)CC3)cc(-c3ccc(C)o3)[nH]c2cc1OCCCN1CCCC1,7.327902142064282
98,CHEMBL4159955,CCNCc1ccc(-c2cc(=NC3CCN(C)CC3)c3cc(OC)c(OCCCN4CCCC4)cc3[nH]2)o1,7.318758762624412
99,CHEMBL4285987,COc1cc2[nH]c(N3CCN(C)CC3)nc(=NC3CCN(C4CCCCC4)CC3)c2cc1OC,7.309803919971486
100,CHEMBL4175132,COc1cc2c(=NC3CCN(C)CC3)cc(-c3ccccc3C)[nH]c2cc1OCCCN1CCCC1,7.283996656365201
101,CHEMBL4850606,COc1cc2c(=NCC3CCC(C(O)=NO)CC3)cc(-c3ccc(C)o3)[nH]c2cc1OCCCN1CCCC1,7.259637310505756
102,CHEMBL4278065,COc1cc2[nH]c(N3CCCN(C)CC3)nc(=NC3CCN(C4CCCCC4)CC3)c2cc1OC,7.259637310505756
103,CHEMBL4282606,COc1cc2[nH]c(N3CCCN(C)CC3)nc(=NC3CCN(C(C)C)CC3)c2cc1OC,7.259637310505756
104,CHEMBL4532743,COc1cc2c(=NC3CCN(C)CC3)[nH]c(N3CCCN(C)CC3)nc2cc1C#CCN1CCCC1=O,7.214670164989233
105,CHEMBL5188089,CCc1cc2cc(OC)c(OCCCN3CCCC3)cc2[nH]c1=N,7.210419287835575
106,CHEMBL4208812,COc1cc2c(=NC3CCC34CCN(C)CC4)cc(-c3ccc(C)o3)[nH]c2cc1OCCCN1CCCC1,7.200659450546418
107,CHEMBL4212218,COc1cc2c(=NC3CCC34CCN(C)C4)cc(-c3ccc(C)o3)[nH]c2cc1OCCCN1CCCC1,7.119186407719209
108,CHEMBL5177309,COc1cc2ccc(=N)[nH]c2cc1OCCCN1CCCC1,7.111259039317107
109,CHEMBL4282018,COc1cc2[nH]c(N3CCN(C)CC3)nc(=NC3CCN(Cc4ccc(C)cc4)CC3)c2cc1OC,7.107905397309519
110,CHEMBL4747939,CN=c1cc(C)[nH]c(=Nc2ccc(OC)c(C3=CCCNCC3)c2)[nH]1,7.079354998593212
111,CHEMBL4066769,COc1cc2[nH]c(N3CCOCC3)cc(=NC3CCN(C)CC3)c2cc1OC,7.036212172654444
112,CHEMBL4779949,CN=c1cc(C)[nH]c(=Nc2ccc(OC)c(C3=CCN(C)CC3)c2)[nH]1,7.031984286006358
113,CHEMBL4203933,CCc1ccc(-c2cc(=NC3CCC34CCN(C)CC4)c3cc(OC)c(OCCCN4CCCC4)cc3[nH]2)o1,7.026872146400302
114,CHEMBL5189772,COc1cc2c(N3CCCC3)ccnc2cc1OCCCN1CCCC1,7.011887159731648
115,CHEMBL5170450,C=CC(=O)N=c1cc(NC2CCN(C(C)C)CC2)c2cc(OC)c(OCCCN3CCCC3)cc2[nH]1,7.0
116,CHEMBL1895209,COc1cc2[nH]c(N3CCN(C)CC3)nc(=NC3CCN(Cc4ccccc4)CC3)c2cc1OC,6.995678626217357
117,CHEMBL4212375,CNC(=O)CCN=c1cc(-c2ccc(C)o2)[nH]c2cc(OCCCN3CCCC3)c(OC)cc12,6.978810700930062
118,CHEMBL1797937,COc1ccc(C(=O)Oc2ccc(CCn3c(=NC(=O)c4ccc(C(F)(F)F)cc4)[nH]c4cc(C(=O)O)ccc43)cc2)cc1,6.97469413473523
119,CHEMBL4474688,COc1cc2c(=NC3CCN(C)CC3)[nH]c(N3CCCN(C)CC3)nc2cc1C#CCCN,6.97061622231479
120,CHEMBL1829302,COc1cc2c(=NC3CCN(C(C)C)CC3)[nH]c(C3CCCCC3)nc2cc1OCCCN1CCCCC1,6.958607314841775
121,CHEMBL4088064,CCCCCCN=c1cc(NC2CCN(C)CC2)c2cc(OC)c(OC)cc2[nH]1,6.958607314841775
122,CHEMBL4285447,COc1cc2[nH]c(N3CCN(C)CC3)nc(=NC3CCN(Cc4ccc(F)cc4)CC3)c2cc1OC,6.950781977329818
123,CHEMBL4281773,CCCCCCOc1cc2[nH]c(N3CCN(C)CC3)nc(=NC3CCN(Cc4ccccc4)CC3)c2cc1OC,6.943095148663527
124,CHEMBL4208522,COc1cc2c(=NC(C)(C)C3CCN(C)CC3)cc(-c3ccc(C)o3)[nH]c2cc1OCCCN1CCCC1,6.939302159646388
125,CHEMBL4289892,COc1cc2[nH]c(N3CCN(C)CC3)nc(=NC3CCN(Cc4cccc(C)c4)CC3)c2cc1OC,6.935542010773082
126,CHEMBL4293686,COc1cc2[nH]c(N3CCN(C)CC3)nc(=NC3CCN(Cc4ccccc4F)CC3)c2cc1OC,6.935542010773082
127,CHEMBL4279738,COc1cc2[nH]c(N3CCC(OC)CC3)cc(=NC3CCN(Cc4ccccc4)CC3)c2cc1OC,6.924453038607469
128,CHEMBL4465568,CCOc1cc2c(cc1OCCCN1CCCC1)N=C(N)C21CCCC1,6.920818753952375
129,CHEMBL4284947,COc1cc2[nH]c(N3CCN(C)CC3)nc(=NC3CCN(C(C)C)CC3)c2cc1OC,6.910094888560602
130,CHEMBL4207526,CCc1ccc(-c2cc(=NC3CCN(C)CC3)c3cc(OC)c(OCCCN(C)C)cc3[nH]2)o1,6.910094888560602
131,CHEMBL1232432,COc1cc2[nH]c(=NCCCN(C)C)[nH]c(=NC3CCN(Cc4ccccc4)CC3)c2cc1OC,6.910094888560602
132,CHEMBL4286468,COc1cccc(CN2CCC(N=c3[nH]c(N4CCN(C)CC4)nc4cc(OC)c(OC)cc34)CC2)c1,6.892790030352131
133,CHEMBL4283093,COc1cc2[nH]c(N3CCN(C)CC3)nc(=NC3CCN(Cc4cccc(F)c4)CC3)c2cc1OC,6.87942606879415
134,CHEMBL4171275,COc1cc(=NC2CCN(C)CC2)c2cc(OC)c(OCCCN3CCCC3)cc2[nH]1,6.866461091629782
135,CHEMBL4162957,COc1cc2c(=NC3CCN(C)CC3)cc(-c3cc[nH]c(=O)c3)[nH]c2cc1OCCCN1CCCC1,6.847711655616944
136,CHEMBL4438513,CCN1CCC(c2cc3[nH]c(N4CCCN(C)CC4)nc(=NC4CCN(C)CC4)c3cc2OC)CC1,6.847711655616944
137,CHEMBL4757236,CN=c1cc(C)[nH]c(=Nc2ccc(OC)c(C3=CCN(C4CCC4)CCC3)c2)[nH]1,6.838631997765026
138,CHEMBL4217332,COc1cc2c(=NC3CCN(C)C(=O)C3)cc(-c3ccc(C)o3)[nH]c2cc1OCCCN1CCCC1,6.835647144215563
139,CHEMBL4167876,COc1cc2c(=NC3CCN(C)CC3)cc(-c3ccc(CN(C)C)o3)[nH]c2cc1OCCCN1CCCC1,6.829738284605043
140,CHEMBL3109633,COc1cc2c(cc1OCCC1CCCN1C)N=C(N)C21CCC1,6.823908740944319
141,CHEMBL4075387,COc1cc2[nH]c(N(C)CCN(C)C)nc(=NC3CCN(C)CC3)c2cc1OC,6.821023052706831
142,CHEMBL3109625,COc1cc2c(cc1OC)C1(CCC1)C(=N)N2,6.815308569182401
143,CHEMBL4558425,COc1cc2c(=NC3CCN(C)CC3)[nH]c(N3CCCN(C)CC3)nc2cc1NC(=O)CCCCN,6.787812395596042
144,CHEMBL4293277,COc1cc2[nH]c(N3CCN(C)CC3)nc(=NC3CCN(Cc4ccccc4C)CC3)c2cc1OC,6.772113295386326
145,CHEMBL499593,CN1C(=O)C2(Cc3cn(C45CC67SSC(CO)(C(=O)N6C4Nc4ccccc45)N(C)C7=O)c4ccccc34)SSC1(CO)C(=O)N2C,6.769551078621726
146,CHEMBL4100004,COc1cc2[nH]c(N(C)C3CCCCC3)nc(=NC3CCN(C)CC3)c2cc1OC,6.752026733638194
147,CHEMBL2441081,COc1cc2c(=NC3CCN(C(C)C)CC3)[nH]c(N3CCOCC3)nc2cc1OCCCN1CCCC1,6.744727494896694
148,CHEMBL4291748,COc1cc2[nH]c(N3CCC(OC)CC3)nc(=NC3CCN(CC4CCCCC4)CC3)c2cc1OC,6.732828271596986
149,CHEMBL4097286,COc1cc2[nH]c(N3CCCCCC3)nc(=NC3CCN(C)CC3)c2cc1OC,6.721246399047171
150,CHEMBL5194471,COc1cc2cc(C)c(=N)[nH]c2cc1OCCCN1CCCC1,6.685711339052503
151,CHEMBL4475124,COc1cc2c(=NC3CCN(C)CC3)[nH]c(N3CCCN(C)CC3)nc2cc1C#CCN(C)CCO,6.675717544702307
152,CHEMBL4292456,CCCCCCCCOc1cc2[nH]c(N3CCCN(C)CC3)nc(=NC3CCN(Cc4ccccc4)CC3)c2cc1OC,6.675717544702307
153,CHEMBL5189737,CCC(=O)N=c1cc(NC2CCN(C(C)C)CC2)c2cc(OC)c(OCCCN3CCCC3)cc2[nH]1,6.675717544702307
154,CHEMBL4743259,CN=c1cc(C)[nH]c(=Nc2ccc(OC)c(C3=CCN(CCO)CCC3)c2)[nH]1,6.671620396561263
155,CHEMBL4560792,COc1cc2c(=NC3CCN(C(C)C)CC3)[nH]c(C3CCCCC3)nc2cc1CCCN(C)C,6.669586226650809
156,CHEMBL4460703,COc1cc2c(=NC3CCN(C)CC3)[nH]c(N3CCCN(C)CC3)nc2cc1CCCN1CCCC1=O,6.659555885159882
157,CHEMBL4293645,COc1cc2c(=NC3CCN(Cc4ccccc4)CC3)[nH]c(N3CCN(C)CC3)nc2cc1OCCCSC,6.651695136951839
158,CHEMBL4085546,CCCN1CCC(N=c2[nH]c(N3CCOCC3)nc3cc(OC)c(OC)cc23)CC1,6.649751981665837
159,CHEMBL4745864,CN=c1cc(C)[nH]c(=Nc2ccc(OC)c(C3=CCNCC3)c2)[nH]1,6.647817481888637
160,CHEMBL4205107,COc1cc2c(=NCCO)cc(-c3ccc(C)o3)[nH]c2cc1OCCCN1CCCC1,6.61261017366127
161,CHEMBL4094717,COc1cc2[nH]c(N(C)C3CCCC3)nc(=NC3CCN(C)CC3)c2cc1OC,6.586700235918748
162,CHEMBL4072569,COc1cc2[nH]c(N3CCOCC3)nc(=NC3CCN(C(C)C)CC3)c2cc1OC,6.581698708680255
163,CHEMBL4164446,COc1cc2c(=NC3CCN(C)CC3)cc(-c3ccc(C#N)o3)[nH]c2cc1OCCCN1CCCC1,6.578396073130168
164,CHEMBL4873711,COc1cc2c(=NCC3CCN(c4ccc(C(O)=NO)cc4)CC3)cc(-c3ccc(C)o3)[nH]c2cc1OCCCN1CCCC1,6.570247719997592
165,CHEMBL4852593,COc1cc2c(=NCC3CCN(c4ncc(C(O)=NO)cn4)CC3)cc(-c3ccc(C)o3)[nH]c2cc1OCCCN1CCCC1,6.570247719997592
166,CHEMBL4069640,COc1cc2[nH]c(N(C)CCO)nc(=NC3CCN(C)CC3)c2cc1OC,6.549750891680639
167,CHEMBL4072211,CCCN(C)c1nc(=NC2CCN(C)CC2)c2cc(OC)c(OC)cc2[nH]1,6.530177984021837
168,CHEMBL4281116,COc1cc2[nH]c(N3CCCCC3)nc(=NC3CCN(CC4CCCCC4)CC3)c2cc1OC,6.530177984021837
169,CHEMBL4099939,CCCCCN(C)c1nc(=NC2CCN(C)CC2)c2cc(OC)c(OC)cc2[nH]1,6.514278573518419
170,CHEMBL2441078,COc1cc2c(=NC3CCN(C4CC4)CC3)[nH]c(N3CCC(F)(F)CC3)nc2cc1OCCCN1CCCC1,6.508638306165727
171,CHEMBL2441076,COc1cc2c(=NC3CCN(C(C)C)CC3)[nH]c(C3CCOCC3)nc2cc1OCCCN1CCCC1,6.508638306165727
172,CHEMBL4081938,CCCCCCN(C)c1nc(=NC2CCN(C)CC2)c2cc(OC)c(OC)cc2[nH]1,6.507239610973162
173,CHEMBL4093293,COc1cc2[nH]c(N3CCOCC3)nc(=NC3CCN(C4CC4)CC3)c2cc1OC,6.504455662453552
174,CHEMBL4063569,COc1cc2[nH]c(N3CCCC3)nc(=NC3CCN(C)CC3)c2cc1OC,6.504455662453552
175,CHEMBL4104425,COc1cc2[nH]c(=NCCCCC(C)C)[nH]c(=NC3CCN(C)CC3)c2cc1OC,6.501689446210399
176,CHEMBL4084508,COc1cc2[nH]c(N(C)C(C)C)nc(=NC3CCN(C)CC3)c2cc1OC,6.497572880015568
177,CHEMBL4281519,COc1cc2[nH]c(N3CCCCC3)nc(=NC3CCN(C(C)C)CC3)c2cc1OC,6.496209316942819
178,CHEMBL4063977,CCN1CCC(N=c2[nH]c(N3CCOCC3)nc3cc(OC)c(OC)cc23)CC1,6.490797477668897
179,CHEMBL578227,COc1cc2[nH]c(N3CCCN(C)CC3)nc(=NC3CCN(C)CC3)c2cc1OC,6.481486060122112
180,CHEMBL4282170,COc1cc2[nH]c(N3CCCCCC3)nc(=NC3CCN(Cc4ccccc4)CC3)c2cc1OC,6.478861916295964
181,CHEMBL4170228,COc1cc2c(=NC3CCN(C)CC3)[nH]c(-c3ccc(C)o3)nc2cc1OCCCN1CCCC1,6.473660722610155
182,CHEMBL4552592,COc1cc2c(=NC3CCN(C(C)C)CC3)[nH]c(C3CCCCC3)nc2cc1C#CCN1CCCC1=O,6.471083299722345
183,CHEMBL4104299,CCCCCN=c1[nH]c(=NC2CCN(C)CC2)c2cc(OC)c(OC)cc2[nH]1,6.467245621007502
184,CHEMBL4215377,Cc1ccc(-c2cc(=NC3CCN(C)CC3)c3cc(Cl)c(OCCCN4CCCC4)cc3[nH]2)o1,6.465973893943865
185,CHEMBL4293996,COc1cc2[nH]c(N3CCN(C)CC3)nc(=NC3CCN(Cc4ccccc4)C3)c2cc1OC,6.46344155742847
186,CHEMBL4215326,COc1cc2c(=NC3CCN(C)CC3)cc(-c3ccc(C)o3)[nH]c2cc1OC1CC2(C1)CN(C)C2,6.454692883534176
187,CHEMBL4074209,COc1cc2[nH]c(N(C)C3CCC3)nc(=NC3CCN(C)CC3)c2cc1OC,6.448550002027124
188,CHEMBL4435107,COc1cc2c(=NC3CCN(C(C)C)CC3)[nH]c(C3CCCCC3)nc2cc1C#CCN(C)C,6.446116973356125
189,CHEMBL4064559,COc1cc2[nH]c(N(C)CC(C)C)nc(=NC3CCN(C)CC3)c2cc1OC,6.44490555142168
190,CHEMBL4570643,CNCC#Cc1cc2[nH]c(N3CCCN(C)CC3)nc(=NC3CCN(C)CC3)c2cc1OC,6.44490555142168
191,CHEMBL4215862,COc1cc2c(=NC3CCN(C)CC3)cc(-c3ccc(C)o3)[nH]c2cc1OC1CC2(C1)CN(C(C)C)C2,6.422508200162775
192,CHEMBL51085,O=c1c2ccccc2[se]n1-c1ccccc1,6.397940008672037
193,CHEMBL4094167,CCCCN(C)c1nc(=NC2CCN(C)CC2)c2cc(OC)c(OC)cc2[nH]1,6.39040559077478
194,CHEMBL4078544,CCCCN=c1[nH]c(=NC2CCN(C)CC2)c2cc(OC)c(OC)cc2[nH]1,6.360513510731414
195,CHEMBL4211622,COc1cc2c(=NC3CC3)cc(-c3ccc(C)o3)[nH]c2cc1OCCCN1CCCC1,6.360513510731414
196,CHEMBL4067656,COc1cc2[nH]c(C3CCCCC3)nc(=NC3CCN(C)CC3)c2cc1OC,6.358525889495901
197,CHEMBL5185925,COc1cc2cc(C)c(=NCc3ccccc3)[nH]c2cc1OCCCN1CCCC1,6.356162551176505
198,CHEMBL4101782,CCCCN(CCC)c1nc(=NC2CCN(C)CC2)c2cc(OC)c(OC)cc2[nH]1,6.35359627377693
199,CHEMBL4476055,COc1cc2c(=NC3CCN(C)CC3)[nH]c(N3CCCN(C)CC3)nc2cc1NC(=O)CCN,6.349692476868063
200,CHEMBL4208308,O=C1c2ccccc2C(=O)N1[Se]c1ccccc1,6.346787486224656
201,CHEMBL4742769,CN=c1cc(C)[nH]c(=Nc2ccc(OC)c(C3=CCCN(C)C3)c2)[nH]1,6.345823458122039
202,CHEMBL4092975,CCN(C)c1nc(=NC2CCN(C)CC2)c2cc(OC)c(OC)cc2[nH]1,6.332547047110046
203,CHEMBL4870304,COc1cc2[nH]c(=NC3CC3)[nH]c(=NC3CCN(C(C)C)CC3)c2cc1OC,6.330311291943792
204,CHEMBL4872188,COc1cc2c(=NCc3ccc(C(O)=NO)cc3)cc(-c3ccc(C)o3)[nH]c2cc1OCCCN1CCCC1,6.326979092871104
205,CHEMBL1902352,COc1cc2[nH]c(N3CCCCC3)nc(=NC3CCN(Cc4ccccc4)CC3)c2cc1OC,6.326058001365912
206,CHEMBL5202307,COc1cc2c(N3CC(C(=O)O)C3)ccnc2cc1OCCCN1CCCC1,6.319030281534102
207,CHEMBL4063767,CCCN(CC)c1nc(=NC2CCN(C)CC2)c2cc(OC)c(OC)cc2[nH]1,6.317854923626168
208,CHEMBL4072358,COc1cc2[nH]c(N(C)CCCO)nc(=NC3CCN(C)CC3)c2cc1OC,6.315154638355588
209,CHEMBL28517,NC(=O)N=NC(N)=O,6.301029995663981
210,CHEMBL4293660,COc1cc2[nH]c(N3CCC(N(C)C)CC3)nc(=NC3CCN(Cc4ccccc4)CC3)c2cc1OC,6.2958494831602
211,CHEMBL4105129,CCCCN(CC)c1nc(=NC2CCN(C)CC2)c2cc(OC)c(OC)cc2[nH]1,6.29413628771608
212,CHEMBL4210955,Cc1ccc(-c2cc(=NC3CCN(C)CC3)c3ccc(OCCCN4CCCC4)cc3[nH]2)o1,6.274088367704952
213,CHEMBL4068291,COc1cc2[nH]c(N(C)CC3CCCCC3)nc(=NC3CCN(C)CC3)c2cc1OC,6.274088367704952
214,CHEMBL4090654,COc1cc2[nH]c(N(C)Cc3ccccc3)nc(=NC3CCN(C)CC3)c2cc1OC,6.272458742971444
215,CHEMBL120563,CN(C)C(=S)SSC(=S)N(C)C,6.259637310505756
216,CHEMBL4102467,COc1cc2[nH]c(N(C)C3CC3)nc(=NC3CCN(C)CC3)c2cc1OC,6.259637310505756
217,CHEMBL570120,COc1cc2[nH]c(N3CCCCC3)nc(=NC3CCN(C)CC3)c2cc1OC,6.259637310505756
218,CHEMBL3122204,c1ccc([Se][Se]c2ccccc2)cc1,6.259637310505756
219,CHEMBL4279590,COc1cc2c(=NC3CCN(Cc4ccccc4)CC3)[nH]c(N3CCN(C)CC3)nc2cc1OCCCCSC,6.240332155310369
220,CHEMBL4285784,COc1cc2[nH]c(N3CCC(OC)CC3)nc(=NC3CCN(Cc4ccccc4)CC3)c2cc1OC,6.239577516576788
221,CHEMBL4093972,COc1cc2[nH]c(=NCC(C)(C)C)[nH]c(=NC3CCN(C)CC3)c2cc1OC,6.232844133917819
222,CHEMBL4755416,CN=c1cc(C)[nH]c(=Nc2ccc(OC)c(C3CCN(C)CC3)c2)[nH]1,6.230622673923861
223,CHEMBL2441077,COc1cc2c(=NC3CCN(C4CC4)CC3)[nH]c(N3CCS(=O)(=O)CC3)nc2cc1OCCCN1CCCC1,6.229147988357855
224,CHEMBL4205136,CCc1ccc(-c2cc(=NC3CCN(C)CC3)c3cc(OC)c(OCCCN4CCC5(CC5)C4)cc3[nH]2)o1,6.222573177610689
225,CHEMBL964,CCN(CC)C(=S)SSC(=S)N(CC)CC,6.221848749616356
226,CHEMBL5184153,COc1cc2c(N3CCC3)ccnc2cc1OCCCN1CCCC1,6.201763823632064
227,CHEMBL2172426,CN1C(=O)C23CC4(C56CC78SSC(C)(C(=O)N7C5Nc5ccccc56)N(C)C8=O)c5ccccc5NC4N2C(=O)C1(C)SS3,6.200659450546418
228,CHEMBL5191627,COc1cc2cc3c(nc2cc1OCCCN1CCCC1)NCC3,6.198321940964107
229,CHEMBL4166822,COc1cc2c(=NC3CCN(C)CC3)cc(C(F)(F)F)[nH]c2cc1OCCCN1CCCC1,6.195860567664649
230,CHEMBL4449387,COc1cc2c(=NC3CCN(C)CC3)[nH]c(N3CCCN(C)CC3)nc2cc1NC(=O)NCCCN,6.188424994129407
231,CHEMBL118678,c1ccc(SSc2ccccn2)nc1,6.187086643357144
232,CHEMBL4580258,COc1cc2c(=NC3CCN(C)CC3)[nH]c(N3CCCN(C)CC3)nc2cc1NC(=O)CCN(C)C,6.172630726946174
233,CHEMBL572373,COc1cc2[nH]c(N3CCN(C)CC3)nc(=NC3CCN(C)CC3)c2cc1OC,6.167491087293763
234,CHEMBL4286827,CCCCOc1cc2[nH]c(N3CCN(C)CC3)nc(=NC3CCN(Cc4ccccc4)CC3)c2cc1OC,6.165579296318468
235,CHEMBL4294768,COc1cc2[nH]c(N3CCCCC3)nc(=NC3CCN(Cc4ccc(C)cc4)CC3)c2cc1OC,6.161150909262744
236,CHEMBL4217747,COc1cc2c(=NCc3ccccc3)cc(-c3ccc(C)o3)[nH]c2cc1OCCCN1CCCC1,6.155522824254319
237,CHEMBL4092251,COc1cc2[nH]c(N(C)c3ccccc3)nc(=NC3CCN(C)CC3)c2cc1OC,6.140261433802853
238,CHEMBL4095652,COc1cc2[nH]c(N(C)CC(C)(C)C)nc(=NC3CCN(C)CC3)c2cc1OC,6.139063379299906
239,CHEMBL4216799,COc1cc2c(=NC3CCCC3)cc(-c3ccc(C)o3)[nH]c2cc1OCCCN1CCCC1,6.133712660915805
240,CHEMBL4555461,CCc1cc2[nH]c(N3CCCN(C)CC3)nc(=NC3CCN(C)CC3)c2cc1OC,6.130768280269024
241,CHEMBL3109636,COc1cc2c(cc1OCCCn1ccnc1)N=C(N)C21CCC1,6.122628654130226
242,CHEMBL4066625,CCCCCCCN=c1[nH]c(=NC2CCN(C)CC2)c2cc(OC)c(OC)cc2[nH]1,6.121478204498794
243,CHEMBL4080189,COc1cc2[nH]c(=NCCCCCCO)[nH]c(=NC3CCN(C)CC3)c2cc1OC,6.103473782510445
244,CHEMBL3335713,Br[Se]c1ccccc1,6.102372908709558
245,CHEMBL4283414,COc1cc2[nH]c(N3CCCCC3)nc(=NC3CCN(Cc4ccccc4)C3)c2cc1OC,6.080921907623926
246,CHEMBL4208010,COc1cc2c(=NC3CCN(C)CC3)cc(-c3ccc(C)o3)[nH]c2cc1OCC1CCNCC1,6.076755981369724
247,CHEMBL4290452,CCCCOc1cc2[nH]c(N3CCN(C)CC3)nc(=NC3CCN(C(C)C)CC3)c2cc1OC,6.074172425375258
248,CHEMBL4776077,CN=c1cc(C)[nH]c(=Nc2ccc(OC(F)(F)F)c(C3=CCNCCC3)c2)[nH]1,6.069050968832477
249,CHEMBL4210432,Cc1ccc(-c2cc(=NC3CCN(C)CC3)c3cc(O)c(OCCCN4CCCC4)cc3[nH]2)o1,6.066006836168757
250,CHEMBL4278552,COc1cc2[nH]c(N3CCCCC3)nc(=NC3CCN(Cc4cccc(C)c4)CC3)c2cc1OC,6.060980223551334
251,CHEMBL4554293,CC(C)Oc1cc2c(cc1OCCCN1CCCC1)N=C(N)C21CCCC1,6.045757490560675
252,CHEMBL585180,CCN(CC)c1nc(=NC2CCN(C)CC2)c2cc(OC)c(OC)cc2[nH]1,6.040958607678906
253,CHEMBL4217087,COc1cc2c(N(C)C3CCN(C)CC3)cc(-c3ccc(C)o3)nc2cc1OCCCN1CCCC1,6.029188389127482
254,CHEMBL4539914,COc1cc2c(cc1OCCCN1CCCC1)=NC(C1CCCCC1)CNC=2NC1CCN(C(C)C)CC1,6.019996628416253
255,CHEMBL4083783,COc1cc2[nH]c(=NC3CCCCC3)[nH]c(=NC3CCN(C)CC3)c2cc1OC,6.0195421077239
256,CHEMBL4086403,CCCCCCN=c1[nH]c(=NC2CCN(C)CC2)c2cc(OC)c(OC)cc2[nH]1,6.003488327845822
257,CHEMBL4279942,COc1cc2[nH]c(N3CCCCC3)nc(=NC3CCCN(Cc4ccccc4)C3)c2cc1OC,6.0
258,CHEMBL4286868,COc1cc2[nH]c(N3CCCCC3)nc(=NC3CCN(Cc4ccccc4C)CC3)c2cc1OC,6.0
259,CHEMBL4290591,COc1cc2[nH]c(N3CCN(C)CC3)nc(=NC3CCCN(Cc4ccccc4)C3)c2cc1OC,6.0
260,CHEMBL4295101,COc1cc2[nH]c(N3CCCCC3)nc(=NC3CCN(Cc4cccc(F)c4)CC3)c2cc1OC,6.0
261,CHEMBL4294728,CCCCCOc1cc2[nH]c(N3CCN(C)CC3)nc(=NC3CCN(Cc4ccccc4)CC3)c2cc1OC,6.0
262,CHEMBL4291579,CCCCCCCCOc1cc2[nH]c(N3CCN(C)CC3)nc(=NC3CCN(Cc4ccccc4)CC3)c2cc1OC,5.99225222199926
263,CHEMBL5191130,COc1cc2c(=NCC(=O)O)cc[nH]c2cc1OCCCN1CCCC1,5.990889193867787
264,CHEMBL4079262,COc1cc2[nH]c(N3CCC(F)(F)CC3)nc(=NC3CCN(C)CC3)c2cc1OC,5.97469413473523
265,CHEMBL5209060,COc1cc2c(=NCCC(=O)O)cc[nH]c2cc1OCCCN1CCCC1,5.968429967858899
266,CHEMBL4169833,COc1cc2c(=NC3CCN(C)CC3)cc(-c3ccnn3C)[nH]c2cc1OCCCN1CCCC1,5.96657624451305
267,CHEMBL5207069,COc1cc2c(=NCC(N)=O)cc[nH]c2cc1OCCCN1CCCC1,5.964090201543391
268,CHEMBL4545884,COc1cc2c(cc1OCCCN1CCCC1)=NC(c1ccccc1)C=NC=2NC1CCN(C(C)C)CC1,5.962573502059376
269,CHEMBL576260,COc1cc2[nH]c(N(C)C)nc(=NC3CCN(C)CC3)c2cc1OC,5.958607314841775
270,CHEMBL4203133,COc1cc2c(=NC3CCN(C)CC3)cc(-c3ccc(C)o3)[nH]c2cc1OCC1CCN(C)CC1,5.939302159646388
271,CHEMBL4092930,COc1cc2c(=NC3CCN(C)CC3)[nH]c(N3CCOCC3)nc2cc1C,5.939302159646388
272,CHEMBL4073147,COc1cc2[nH]c(N(C)C3CCOCC3)nc(=NC3CCN(C)CC3)c2cc1OC,5.935542010773082
273,CHEMBL4539095,COc1cc2c(=NC3CCN(C)CC3)[nH]c(N3CCCN(C)CC3)nc2cc1CCC1CCNCC1,5.924453038607469
274,CHEMBL3335712,Cl[Se]c1ccccc1,5.920818753952375
275,CHEMBL4460246,COc1cc2c(=NC3CCN(C(C)C)CC3)[nH]c(C3CCCCC3)nc2cc1N1CCN(C)CC1,5.920818753952375
276,CHEMBL4287174,COc1cc2[nH]c(N3CCCCC3)nc(=NC3CCN(Cc4ccc(F)cc4)CC3)c2cc1OC,5.915781313260761
277,CHEMBL3943729,O=C1c2ccccc2-c2onc3c(N4CCCC4)cc(NCCN4CCCC4)c1c23,5.913640169325252
278,CHEMBL4458419,COc1cc2c(=NC3CCN(C)CC3)[nH]c(N3CCCN(C)CC3)nc2cc1C1CCCCN1,5.913640169325252
279,CHEMBL1232453,COc1cc2c(=NC3CCN(CCCCCN)CC3)[nH]c(=NCCCN(C)C)[nH]c2cc1OCCCCCN,5.886056647693163
280,CHEMBL4278524,COc1cc2[nH]c(N3CCC(C)CC3)nc(=NC3CCN(Cc4ccccc4)CC3)c2cc1OC,5.877456475931245
281,CHEMBL3109635,COc1cc2c(cc1OCCCN1CC(F)(F)C1)N=C(N)C21CCC1,5.872247484167026
282,CHEMBL4445273,COc1cc2c(=NC3CCN(C(C)C)CC3)[nH]c(C3CCCCC3)nc2cc1CCCN,5.869666231504993
283,CHEMBL4203186,Cc1ccc(-c2cc(=NC3CCN(C)CC3)c3cc(C#N)c(OCCCN4CCCC4)cc3[nH]2)o1,5.838631997765026
284,CHEMBL4207483,COc1cc2c(=NC3CCN(C)CC3)cc(-c3ccc(C)o3)[nH]c2cc1OCCCN1CCC(F)C1,5.832682665251824
285,CHEMBL4752807,CN=c1cc(C)[nH]c(=Nc2ccc(OC)c(C3=CCN(C)C3)c2)[nH]1,5.82564940252062
286,CHEMBL5172325,N=c1[nH]cnc2c1ncn2C1OC(CSCCC(N)C(=O)O)C(O)C1O,5.823908740944319
287,CHEMBL4076634,COCCN=c1[nH]c(=NC2CCN(C)CC2)c2cc(OC)c(OC)cc2[nH]1,5.800793520838342
288,CHEMBL571717,COc1cc2[nH]c(N3CCOCC3)nc(=NC3CCN(C)CC3)c2cc1OC,5.795880017344075
289,CHEMBL3263626,N=c1[nH]cnc2c1ncn2C1OC(CC(N)CC2CCCCC2)C(O)C1O,5.795880017344075
290,CHEMBL4521601,COc1cc2c(=NC3CCN(C)CC3)[nH]c(N3CCCN(C)CC3)nc2cc1C(N)=O,5.787812395596042
291,CHEMBL4082847,COCCN(C)c1nc(=NC2CCN(C)CC2)c2cc(OC)c(OC)cc2[nH]1,5.787812395596042
292,CHEMBL4856508,COc1cc2c(=NCc3ccc(C4CCC(C(O)=NO)CC4)cc3)cc(-c3ccc(C)o3)[nH]c2cc1OCCCN1CCCC1,5.782516055786093
293,CHEMBL1222849,CN1C(=O)C23CC4(C56CC78SSC(CO)(C(=O)N7C5Nc5ccccc56)N(C)C8=O)c5ccccc5NC4N2C(=O)C1(CO)SS3,5.769551078621726
294,CHEMBL569864,COc1cc2[nH]c(N3CCCN(C)CC3)nc(=NC3CCN(Cc4ccccc4)CC3)c2cc1OC,5.769551078621726
295,CHEMBL5197586,N=c1[nH]cnc2c1ncn2C1OC(CN(CCI)CCCC(N)C(=O)O)C(O)C1O,5.744727494896694
296,CHEMBL3948437,CN1CCN(c2cc(NCCN3CCCCC3)c3c4c(onc24)-c2ccccc2C3=O)CC1,5.728158393463501
297,CHEMBL4454215,CCCc1cc2[nH]c(N3CCCN(C)CC3)nc(=NC3CCN(C)CC3)c2cc1OC,5.721246399047171
298,CHEMBL4096568,COc1cc2[nH]c(C3CCOCC3)nc(=NC3CCN(C)CC3)c2cc1OC,5.718966632752272
299,CHEMBL55934,O=C1C=CC(=O)c2ccccc21,5.698970004336019
300,CHEMBL4283052,COc1cc2c(=NC3CCN(C(C)C)CC3)[nH]c(N3CCN(C)CC3)nc2cc1OCCC(C)C,5.691649051413274
301,CHEMBL4202651,COc1cc2[nH]c(-c3ccc(C)o3)cc(=NC3CCN(C)CC3)c2cc1OC,5.686132779630847
302,CHEMBL4876993,COc1cc2c(=NCC3CCN(c4ncc(C(O)=NO)cn4)CC3)cc(-c3ccc(C)o3)[nH]c2cc1OCC1CCNCC1,5.68507994400758
303,CHEMBL4569449,COc1cc2c(cc1OCCCN1CCCC1)=NC(c1ccccc1)CNC=2NC1CCN(C(C)C)CC1,5.679645967182328
304,CHEMBL1950962,CN1C(=O)C23CC4=CC=CC(O)C4N2C(=O)C1(CO)SSSS3,5.67778070526608
305,CHEMBL3926539,O=C1c2ccccc2-c2onc3c(N4CCCCC4)cc(NCCN4CCCC4)c1c23,5.661543506395395
306,CHEMBL4866673,COc1cc2c(=NCc3ccc(-c4ccc(C(O)=NO)cc4)cc3)cc(-c3ccc(C)o3)[nH]c2cc1OCCCN1CCCC1,5.649751981665837
307,CHEMBL4458747,COc1cc2c(=NC3CCN(C)CC3)[nH]c(N3CCCN(C)CC3)nc2cc1C(=O)NCCCCN,5.630784142589857
308,CHEMBL4467642,COc1cc2c(=NC3CCN(C)CC3)[nH]c(N3CCCN(C)CC3)nc2cc1C(=O)NCCCCN1CCCC1,5.610833915635467
309,CHEMBL3109626,COc1cc2c(cc1OC)C1(CCCC1)C(=N)N2,5.609064892896621
310,CHEMBL3926612,CN1CCCN(c2cc(NCCN3CCCCC3)c3c4c(onc24)-c2ccccc2C3=O)CC1,5.603800652904264
311,CHEMBL4532481,COc1cc2c(=NC3CCN(C)CC3)[nH]c(N3CCCN(C)CC3)nc2cc1C(=O)NCCN,5.595166283380062
312,CHEMBL1950961,CN1C(=O)C23Cc4cccc(O)c4N2C(=O)C1(CO)SS3,5.585026652029182
313,CHEMBL3954248,O=C1c2ccccc2-c2onc3c(N4CCN(c5ccccc5)CC4)cc(NCCN4CCCCC4)c1c23,5.571865205971211
314,CHEMBL4166777,COc1cc2c(=NC3CCN(C)CC3)cc(-c3ccc(-c4ccccc4)o3)[nH]c2cc1OCCCN1CCCC1,5.565431095965801
315,CHEMBL4206071,COc1cc2c(OC3CCN(C)CC3)cc(-c3ccc(C)o3)nc2cc1OCCCN1CCCC1,5.542118103266008
316,CHEMBL3917648,CN(C)c1cc(NCCCN2CCCC2)c2c3c(onc13)-c1ccccc1C2=O,5.525783735923745
317,CHEMBL4537940,COc1cc2c(cc1OCCCN1CCCC1)=NC(C1CCCCC1)CC(=NC1CCN(C(C)C)CC1)N=2,5.525201181199369
318,CHEMBL4472965,COc1cc2c(=NC3CCN(C)CC3)[nH]c(N3CCCN(C)CC3)nc2cc1C#CCN,5.51999305704285
319,CHEMBL4213346,COc1cc2c(=NC3CC4(CCN(C)CC4)C3)cc(-c3ccc(C)o3)[nH]c2cc1OCC1CCN(C)CC1,5.511449283499555
320,CHEMBL4472432,N=C1Nc2cc(OCCCN3CCCC3)c(OCC3CC3)cc2C12CCCC2,5.508638306165727
321,CHEMBL5191615,C=CC(=O)N=c1[nH]c(=NC2CCN(C(C)C)CC2)c2cc(OC)c(OCCCN3CCCC3)cc2[nH]1,5.508638306165727
322,CHEMBL4849689,COc1cc2c(=NCC3CCC(c4ccc(C(O)=NO)cc4)CC3)cc(-c3ccc(C)o3)[nH]c2cc1OCCCN1CCCC1,5.508638306165727
323,CHEMBL4174677,COc1cc2c(=NC3CCN(C)CC3)cc(-c3cc4ccccc4o3)[nH]c2cc1OCCCN1CCCC1,5.503070351926786
324,CHEMBL3621482,COc1cc2[nH]c(N3CCN(c4ccccn4)CC3)nc(=NC3CCN(Cc4ccccc4)CC3)c2cc1OC,5.496209316942819
325,CHEMBL4208425,COc1cc2c(=NCC3CCN(C)CC3)cc(-c3ccc(C)o3)[nH]c2cc1OC1CC2(C1)CN(C)C2,5.492144128304169
326,CHEMBL3939705,O=C1c2ccccc2-c2onc3c(N4CCN(c5ccccc5)CC4)cc(NCCN4CCCC4)c1c23,5.492144128304169
327,CHEMBL4210910,COc1cc2c(=NC3CCN(C)CC3)cc(-c3ccc(C)o3)[nH]c2cc1OC1CC2(C1)CN(C1CC1)C2,5.486782399932061
328,CHEMBL4459846,COc1cc2c(=NC3CCN(C)CC3)[nH]c(N3CCCN(C)CC3)nc2cc1C#CCNC(C)=O,5.484126156288321
329,CHEMBL2311579,CN1C(=O)C23CC4c5ccccc5NC4N2C(=O)C1(CO[Si](C)(C)C(C)(C)C)SS3,5.481486060122112
330,CHEMBL4204903,COc1cc2c(=NC3CC4(CCN(C)CC4)C3)cc(-c3ccc(C)o3)[nH]c2cc1OC1CC2(C1)CN(C)C2,5.462180904926726
331,CHEMBL3931578,CN(C)CCNc1cc(N(C)C)c2noc3c2c1C(=O)c1ccccc1-3,5.459670525209127
332,CHEMBL3941692,CCN1CCN(c2cc(NCCN3CCCC3)c3c4c(onc24)-c2ccccc2C3=O)CC1,5.458420756053419
333,CHEMBL3109627,COc1cc2c(cc1OC)C1(CCCCC1)C(=N)N2,5.450996737974212
334,CHEMBL4450948,COc1cc2c(=NC3CCN(C)CC3)[nH]c(N3CCCN(C)CC3)nc2cc1CCCN,5.446116973356125
335,CHEMBL4470252,COc1cc2c(=NC3CCN(C)CC3)[nH]c(N3CCCN(C)CC3)nc2cc1CCc1ccccn1,5.438898616350944
336,CHEMBL4090494,COc1cc2[nH]c(N3CCOCC3)nc(=NC3CCN(C)CC3)c2cc1F,5.432973633840939
337,CHEMBL4648477,N=C(N)c1ccc(Nc2ccc(-c3cc4ccc(C(=N)N)cc4[nH]3)cc2)cc1,5.431798275933005
338,CHEMBL3982657,CN(C)CCNc1cc(N2CCCCC2)c2noc3c2c1C(=O)c1ccccc1-3,5.425968732272281
339,CHEMBL3921513,CN(C)CCNc1cc(N2CCN(c3ncccn3)CC2)c2noc3c2c1C(=O)c1ccccc1-3,5.415668775632469
340,CHEMBL3979888,CN(C)c1cc(NCCN2CCCC2)c2c3c(onc13)-c1ccccc1C2=O,5.412289034981089
341,CHEMBL568963,COc1cc2[nH]c(N3CCCN(C)CC3)nc(=NC3CCCCC3)c2cc1OC,5.41150419899279
342,CHEMBL4212380,CCc1ccc(-c2cc(=NC3CCN(C)CC3)c3cc(OC)c(OCCCN4CCOCC4)cc3[nH]2)o1,5.407823242604133
343,CHEMBL3911728,CN1CCCN(c2cc(NCCN3CCCC3)c3c4c(onc24)-c2ccccc2C3=O)CC1,5.402304814074488
344,CHEMBL4062510,COc1cc2[nH]c(N3CCOCC3)nc(=NC3CCN(C)CC3)c2cc1C,5.39040559077478
345,CHEMBL39469,O=[Se](O)c1ccccc1,5.356547323513812
346,CHEMBL4564339,CC(C)N1CCC(N=c2[nH]c(C3CCCCC3)nc3cc(N4CCN(C)CC4)c(F)cc23)CC1,5.342944147142896
347,CHEMBL3902714,O=C1c2ccccc2-c2onc3c(N4CCN(c5ncccn5)CC4)cc(NCCN4CCCC4)c1c23,5.34008379993015
348,CHEMBL4740128,CN=C(N)NN=C(C)c1ccc2oc3ccc(C(C)=NN=C(N)NC)cc3c2c1,5.327902142064282
349,CHEMBL4474589,COc1cc2c(=NC3CCN(C)CC3)[nH]c(N3CCCN(C)CC3)nc2cc1-c1ccccn1,5.320572103387882
350,CHEMBL3893755,CN(C)CCNc1cc(N2CCN(C)CC2)c2noc3c2c1C(=O)c1ccccc1-3,5.315154638355588
351,CHEMBL3124975,O=C1C2SSC(C(=O)N2Cc2ccccc2)N1Cc1ccccc1,5.309803919971486
352,CHEMBL568964,COc1cc2[nH]c(N3CCCN(C)CC3)nc(=NC3CC3)c2cc1OC,5.292429823902063
353,CHEMBL4216593,COc1cc2c(=NC3CC4(CCN(C(C)C)CC4)C3)cc(-c3ccc(C)o3)[nH]c2cc1OC1CC2(C1)CN(C)C2,5.289882634888183
354,CHEMBL2315521,CN1C(=O)C23CCCN2C(=O)C1(CO)SS3,5.283996656365201
355,CHEMBL2315522,CN1C(=O)C23CCCN2C(=O)C1(CO)SSS3,5.275724130399211
356,CHEMBL4283478,COc1cc2c(=NC3CCN(Cc4ccccc4)CC3)[nH]c(N3CCN(C)CC3)nc2cc1OCCC(C)C,5.27213355053251
357,CHEMBL4209267,COc1cc2c(=NC3C4CCC3CN(C)C4)cc(-c3ccc(C)o3)[nH]c2cc1OC1CC2(C1)CN(C)C2,5.266802734893431
358,CHEMBL570799,COc1cc2[nH]c(N3CCCN(C)CC3)nc(=NC(C)C)c2cc1OC,5.236572006437063
359,CHEMBL3921757,CN(C)CCNc1cc(N2CCCC2)c2noc3c2c1C(=O)c1ccccc1-3,5.224025668870631
360,CHEMBL4214834,Cc1ccc(-c2cc(=NC3CCN(C)CC3)c3cc(OC(F)(F)F)c(OCCCN4CCCC4)cc3[nH]2)o1,5.213958789757446
361,CHEMBL4576128,CCOc1cc2c(=NC3CCN(C(C)C)CC3)[nH]c(C3CCCCC3)nc2cc1CCCN(C)C,5.209714835966759
362,CHEMBL3414617,O=C(O)c1ccc2c(c1)[nH]c(=NC(=O)c1ccccc1)n2CCCc1ccccc1,5.200659450546418
363,CHEMBL331627,CN1C(=O)C23CC4=CC=CC(O)C4N2C(=O)C1(CO)SS3,5.193820026016112
364,CHEMBL4289406,COc1cc2[nH]c(N3CCN(C)CC3)nc(=NC3CCCCC3)c2cc1OC,5.191249027650406
365,CHEMBL4565082,COc1cc2c(=NC3CCN(C)CC3)[nH]c(N3CCCN(C)CC3)nc2cc1C1CCCNC1,5.164943898279883
366,CHEMBL3950948,CN1CCN(c2cc(NCCN3CCCC3)c3c4c(onc24)-c2ccccc2C3=O)CC1,5.161780778092375
367,CHEMBL4294122,COc1ccc2c(=NC3CCN(Cc4ccccc4)CC3)[nH]c(=NCCNC(=O)CCCCCC(O)=NO)[nH]c2c1,5.146545158631934
368,CHEMBL4850917,COc1ccc2c(=NC3CCN(Cc4ccccc4)CC3)[nH]c(=NCCNC(=O)CCCCC(O)=NO)[nH]c2c1,5.146545158631934
369,CHEMBL2315526,CN1C(=O)C23CC4(C56CC78SSC(CO[Si](C)(C)C(C)(C)C)(C(=O)N7C5Nc5ccccc56)N(C)C8=O)c5ccccc5NC4N2C(=O)C1(CO[Si](C)(C)C(C)(C)C)SS3,5.142667503568731
370,CHEMBL4203655,COc1cc2c(=NC3CCN(C)CC3)cc(-c3ccc(C)o3)[nH]c2cc1OC1CCNCC1,5.122053048370812
371,CHEMBL4571033,COc1cc2c(=NC3CCN(C)CC3)[nH]c(N3CCCN(C)CC3)nc2cc1C(=O)NCCCN,5.099086932262331
372,CHEMBL1213903,COc1cc2c(=NC3CCN(C)CC3)[nH]c(N3CCCN(C)CC3)nc2cc1OCCCN1CCCC1,5.096910013008056
373,CHEMBL1214066,COc1cc2c(=NC3CCN(C)CC3)[nH]c(N3CCCN(C)CC3)nc2cc1OCCOCCN(C)C,5.045757490560675
374,CHEMBL571951,COc1cc2[nH]c(Cl)nc(=NC3CCN(C)CC3)c2cc1OC,5.040958607678906
375,CHEMBL107217,CCN(CC)C(=S)S,5.036212172654444
376,CHEMBL4549942,CC(C)N1CCC(N=c2[nH]c(C3CCCCC3)nc3cc(CCCN(C)C)c(F)cc23)CC1,5.034798298974088
377,CHEMBL4278847,COc1cc2[nH]c(N3CCN(c4ccccn4)CC3)nc(=NC3CCN(Cc4ccccc4)C3)c2cc1OC,5.0
378,CHEMBL4569420,COc1cc2c(cc1OCCCN1Cc3ccccc3C1)N=C(N)C21CCCC1,5.0
379,CHEMBL4290963,COc1cc2c(=NC3CCN(Cc4ccccc4)CC3)[nH]c(N3CCN(C)CC3)nc2cc1OCc1ccccc1,5.0
380,CHEMBL4282380,COc1cc2[nH]c(N3CC(C)CC(C)C3)nc(=NC3CCN(Cc4ccccc4)CC3)c2cc1OC,5.0
381,CHEMBL3124976,CN1C(=O)C23CC4(C56CC78SC(CO)(C(=O)N7C5Nc5ccccc56)N(C)C8=O)c5ccccc5NC4N2C(=O)C1(CO)S3,4.97469413473523
382,CHEMBL3109640,COc1cc2c(cc1OCCCC1CCCC1)N=C(N)C2(C)C,4.889410289700751
383,CHEMBL2315520,CN1C(=O)C2(S)CCCN2C(=O)C1(S)CO,4.882728704344236
384,CHEMBL3109629,COc1cc2cc(N)[nH]c2cc1OC,4.841637507904751
385,CHEMBL1594935,NCCSSCCN,4.823908740944319
386,CHEMBL3109628,COc1ccc2c(c1)C1(CCC1)C(=N)N2,4.739928612014925
387,CHEMBL4525421,COc1cc2c(=NC3CCN(C(C)C)CC3)[nH]c(C3CCCCC3)nc2cc1C#CCN,4.723538195826756
388,CHEMBL4529430,COc1cc2c(=NC3CCN(C)CC3)[nH]c(N3CCCN(C)CC3)nc2cc1-c1cccnc1,4.718966632752273
389,CHEMBL2325183,O=C(NCC(=O)c1ccccc1)Nc1ccc2nnsc2c1,4.698970004336019
390,CHEMBL4437471,COc1cc2c(=NC3CCN(C)CC3)[nH]c(N3CCCN(C)CC3)nc2cc1C(=O)NCCN(C)C,4.696803942579511
391,CHEMBL1213957,COc1cc2c(=NC3CCN(C)CC3)[nH]c(N3CCCN(C)CC3)nc2cc1OCCCN1CCCCC1,4.602059991327963
392,CHEMBL3238424,O=C(O)c1cccc(NCc2cccc(-n3ccc4c(-c5ccc(C(F)(F)F)cc5)cccc43)c2)c1,4.578396073130169
393,CHEMBL2315525,CN1C(=O)C2(S)CC3(C45CC6(S)C(=O)N(C)C(S)(CO)C(=O)N6C4Nc4ccccc45)c4ccccc4NC3N2C(=O)C1(S)CO,4.567030709125595
394,CHEMBL4292218,COc1cc2c(=NC3CCN(C(C)C)CC3)[nH]c(N3CCCN(C)CC3)nc2cc1OCCCCCCC(O)=NO,4.562725202589876
395,CHEMBL4435238,N=c1[nH]cnc2c1ncn2C1OC(CC(N)CC(N)C(=O)O)C(O)C1O,4.521433504406157
396,CHEMBL4286227,COc1ccc2c(=NC3CCN(Cc4ccccc4)CC3)[nH]c(=NCCNC(=O)CCCCCCC(O)=NO)[nH]c2c1,4.422623108082986
397,CHEMBL3927456,COc1ccc(Nc2cc(N3CCN(C)CC3)c3noc4c3c2C(=O)c2ccccc2-4)cc1,4.408601448718751
398,CHEMBL4095401,N=c1[nH]cnc2c1ncn2C1OC(CC(N)CC2CC2)C(O)C1O,4.402304814074488
399,CHEMBL4755950,C1=NC(c2ccc3cc(-c4ccc5oc(C6=NCCN6)cc5c4)[nH]c3c2)NC1,4.401209493236885
400,CHEMBL4282835,COc1ccc2c(=NC3CCN(C)CC3)[nH]c(=NCCNC(=O)CCCCCC(O)=NO)[nH]c2c1,4.32947584221792
401,CHEMBL4290721,CNC(=O)CCCCC(=O)NCCN=c1[nH]c(=NC2CCN(C)CC2)c2ccc(OC)cc2[nH]1,4.328179439816751
402,CHEMBL1213902,CCCN(C)CCCOc1cc2[nH]c(N3CCCN(C)CC3)nc(=NC3CCN(C)CC3)c2cc1OC,4.292429823902063
403,CHEMBL1213901,CCN(CC)CCCOc1cc2[nH]c(N3CCCN(C)CC3)nc(=NC3CCN(C)CC3)c2cc1OC,4.283996656365201
404,CHEMBL1221925,O=C1c2ccccc2C(=O)C1(O)O,4.267606240177032
405,CHEMBL1950960,CN1C(=O)C23Cc4ccccc4N2C(=O)C1(CO)SS3,4.259637310505756
406,CHEMBL1214067,COc1cc2c(=NC3CCN(C)CC3)[nH]c(N3CCCN(C)CC3)nc2cc1OCCOCCN1CCCC1,4.244125144327509
407,CHEMBL1088849,CSC1(CO)C(=O)N2c3c(O)cccc3CC2(SC)C(=O)N1C,4.236572006437063
408,CHEMBL2336409,Cc1cc(=Nc2ccc(NC(=O)c3ccc(N=c4cc[nH]c5ccccc45)cc3)cc2)[nH]c(=N)[nH]1,4.229147988357856
409,CHEMBL4757320,CC(C)(C)c1ccc(NC(=O)c2ncn(CC(=O)NCc3ccc4c(=N)[nH]ccc4c3)n2)cc1,4.211831628858833
410,CHEMBL4459746,COc1cc2c(=NC3CCN(C)CC3)[nH]c(N3CCCN(C)CC3)nc2cc1C(=O)N1CCNCC1,4.089909454405932
411,CHEMBL4792295,N=c1[nH]c(=N)c2nc3c(ccc4ccccc43)nc2[nH]1,4.088842391260023
412,CHEMBL1213828,COc1cc2c(=NC3CCN(C)CC3)[nH]c(N3CCCN(C)CC3)nc2cc1OCCCCCN(C)C,4.022276394711152
413,CHEMBL4588797,N#Cc1cn(C2OC(CSCCC(N)C(=O)O)C(O)C2O)c2[nH]cnc(=N)c12,4.00436480540245
414,CHEMBL3263624,CCCCCC1OC(n2cnc3c(=N)[nH]cnc32)C(O)C1O,3.987162775294828
415,CHEMBL1213766,COc1cc2c(=NC3CCN(C)CC3)[nH]c(N3CCCN(C)CC3)nc2cc1OCCN(C)C,3.958607314841775
416,CHEMBL1213830,CNCCCOc1cc2[nH]c(N3CCCN(C)CC3)nc(=NC3CCN(C)CC3)c2cc1OC,3.920818753952375
417,CHEMBL1213827,COc1cc2c(=NC3CCN(C)CC3)[nH]c(N3CCCN(C)CC3)nc2cc1OCCCCN(C)C,3.853871964321762
418,CHEMBL3263627,COc1ccc(CC(N)CC2OC(n3cnc4c(=N)[nH]cnc43)C(O)C2O)cc1OC,3.804100347590766
419,CHEMBL4074394,N=c1[nH]cnc2c1ncn2C1OC(CC(N)CC2CCC2)C(O)C1O,3.772113295386326
420,CHEMBL3263625,N=c1[nH]cnc2c1ncn2C1OC(CCCc2ccccc2)C(O)C1O,3.721246399047171
421,CHEMBL4089220,N=c1[nH]cnc2c1ncn2C1OC(CC(N)CC2CCCC2)C(O)C1O,3.718285029972704
422,CHEMBL1214015,COc1cc2c(=NC3CCN(C)CC3)[nH]c(N3CCCN(C)CC3)nc2cc1OCCCCCN,3.628932137728263
423,CHEMBL1214068,COc1cc2c(=NC3CCN(C)CC3)[nH]c(N3CCCN(C)CC3)nc2cc1OCCN(C)CCN(C)C,3.462180904926726
424,CHEMBL1214186,N=c1[nH]cnc2c1ncn2C1OC(CC(N)CCC(N)C(=O)O)C(O)C1O,3.293282217663242
425,CHEMBL1213958,COc1cc2c(=NC3CCN(C)CC3)[nH]c(N3CCCN(C)CC3)nc2cc1OCCCN1CCOCC1,3.055517327849832
426,CHEMBL1214630,COc1cc2[nH]c(N3CCCN(C)CC3)nc(=NC3CCN(C)C3)c2cc1OC,3.040958607678906
427,CHEMBL1214145,COc1cc2c(=NC3CCN(C)CC3)[nH]c(N3CCCN(C)CC3)nc2cc1OCC1CCCNC1,2.823908740944319
428,CHEMBL1213959,COc1cc2c(=NC3CCN(C)CC3)[nH]c(N3CCCN(C)CC3)nc2cc1OCCCC(C)C,2.468521082957745
429,CHEMBL1213829,COc1cc2c(=NC3CCN(C)CC3)[nH]c(N3CCCN(C)CC3)nc2cc1OCCCCCCN(C)C,1.82102305270683
