ID,SMILES,Data set
FQNP502,c1cc2c(cc1C1OCC3C(c4ccc5c(c4)OCO5)OCC13)OCO2,BIOFACQUIM
FQNP281,C=C(C)C(C)(C)CCC(C)C1CCC2(C)C3CCC4C(C)(C)C5CCC4(O5)C3(C)CCC12C,BIOFACQUIM
FQNP553,C=C(C)C1(OO)CCC2(C)CCCC(C)(N=C=S)C2C1,BIOFACQUIM
FQNP552,C=C(C)C1(O)CCC2(C)CCCC(C)(N=C=S)C2C1,BIOFACQUIM
FQNP639,COc1cc2c3c(c(SCCC(N)=O)c4c(OC)cccc4c3c1OC)NOC2=O,BIOFACQUIM
FQNP640,COc1cc(C=CC(=O)CSc2c3c4c(cc(OC)c(OC)c4c4cccc(OC)c24)C(=O)ON3)ccc1O,BIOFACQUIM
FQNP262,Oc1cc(O)cc(O)c1,BIOFACQUIM
FQNP315,Oc1ccc(CCc2cc(O)cc(O)c2)cc1,BIOFACQUIM
FQNP314,Oc1cccc(CCc2cc(O)cc(O)c2)c1,BIOFACQUIM
FQNP394,Cc1cc(O)cc(O)c1,BIOFACQUIM
FQNP513,Cc1coc2c(O)c3c(c(C)c12)C(C)CCC3,BIOFACQUIM
FQNP608,CCCCCc1cc(O)c2c(c1)OC(C)(C)C1CCC3(C)OC3C21,BIOFACQUIM
FQNP605,CCCCCc1cc(O)c2c(c1)OC(C)(C)C1CCC(C)C(=O)C21,BIOFACQUIM
FQNP257,Oc1cc2c(cc1O)C1c3ccc(O)c(O)c3OCC1(O)C2,BIOFACQUIM
FQNP258,Oc1ccc2c(c1)OCC1(O)Cc3cc(O)c(O)cc3C21,BIOFACQUIM
FQNP289,Cc1ccc(C(C)CCC2OC2(C)C)cc1O,BIOFACQUIM
FQNP288,CC(C)=CCCC(C)c1ccc(C)c(O)c1,BIOFACQUIM
FQNP479,Cc1cc2c(C(C)C)ccc(C)c2cc1O,BIOFACQUIM
FQNP475,Cc1cc2c(cc1O)C1(O)Cc3c(c(C)cc4c(C(C)C)ccc(C)c34)OC1CC2C(C)C,BIOFACQUIM
FQNP617,Cc1cc2c(cc1O)C(C)CCC2C(C)C,BIOFACQUIM
FQNP384,CC(C)=CCCC(C)c1ccc(O)c(C)c1,BIOFACQUIM
FQNP146,Cc1ccc(C(C)C)c(O)c1,BIOFACQUIM
FQNP615,CC1(C)CC2(C)C1CCC1(C)CC2(O)CCC1O,BIOFACQUIM
FQNP474,CC1=CC2C(C(C)C)CCC(C)(O)C2CC1,BIOFACQUIM
FQNP292,Oc1ccc(C23Oc4cc(O)cc(O)c4C(c4c(cc(O)c5c4OC(c4ccc(O)c(O)c4)C(O)C5)O2)C3O)cc1,BIOFACQUIM
FQNP493,CC(C)C1CC2C(C3CC2(C)OO3)C(C)(O)C(O)C1,BIOFACQUIM
FQNP274,Oc1cc(O)c2c(c1)OC(c1ccc(O)c(O)c1)C(O)C2,BIOFACQUIM
FQNP625,CC(C)C1C=CC(C)(O)C(O)C1O,BIOFACQUIM
FQNP624,CC(C)C1C=CC(C)(O)C(O)C1O,BIOFACQUIM
FQNP604,CCCCCc1cc(O)c2c(c1)OC(C)(C)C1CC(O)C(C)=CC21,BIOFACQUIM
FQNP607,C=C1CCC2C(c3c(O)cc(CCCCC)cc3OC2(C)C)C1O,BIOFACQUIM
FQNP398,C=CC(O)C#CC#CC(O)C=CCCCCCCC,BIOFACQUIM
FQNP402,Cc1ccc2c(c1)OC1OC3(CCC21O)c1ccc(C)cc1OC3C,BIOFACQUIM
FQNP26,C=C(C)C12OC1C1(C)C(=CC2O)CCC(O)C1C,BIOFACQUIM
FQNP603,CCCCCc1cc(O)c2c(c1)OC(C)(C)C1CCC(C)(O)C(O)C21,BIOFACQUIM
FQNP610,CCCCCc1cc(O)c2c(c1)OC(C)(C)C1CCC(C)(O)C(O)C21,BIOFACQUIM
FQNP194,Oc1cc(O)c2c(c1)OC(c1ccc(O)c(O)c1)C(O)C2,BIOFACQUIM
FQNP492,C=C1CC(O)C23C(C)CCC(CC12)C3(C)C,BIOFACQUIM
FQNP293,Oc1ccc(C2Oc3c(c(O)cc4c3C3c5c(O)cc6c(c5OC(c5ccc(O)cc5)(O4)C3O)C3c4c(O)cc(O)cc4OC(c4ccc(O)cc4)(O6)C3O)CC2O)cc1,BIOFACQUIM
FQNP374,Cc1ccc2c(c1)OC(O)C21CCC2(O)c3cccc(C)c3OC2O1,BIOFACQUIM
FQNP576,C=CC1=C(C)C2OC(O)CC3C(C)(C)CCCC3(C)C2CC1,BIOFACQUIM
FQNP495,Cc1cccc(C)c1C1CC2C3CC4(C)OC5(CCC(C)CC5)C(C)C4C3(C)CCC2(C)C2(C)CCC(O)CC12,BIOFACQUIM
FQNP144,CCC(CCC(C)C1CCC2C3CC=C4CC(O)CCC4(C)C3CCC12C)C(C)C,BIOFACQUIM
FQNP324,CC(C)C(C)C=CC(C)C1CCC2C3=CC=C4CC(O)CCC4(C)C3CCC21C,BIOFACQUIM
FQNP348,C=C(C)C(C)CCC(C)C1CCC2(C)C3CCC4C(C)(C)C(O)CCC45CC35CCC12C,BIOFACQUIM
FQNP143,CC1(C)CCC2(C)CCC3(C)C(=CCC4C5(C)CCC(O)C(C)(C)C5CCC43C)C2C1,BIOFACQUIM
FQNP644,CCC(CCC(C)C1CCC2C3CC=C4C(C)(C)C(O)CCC4(C)C3CCC12C)C(C)C,BIOFACQUIM
FQNP275,C=C(C)C(C)(C)CCC(C)C1CCC2(C)C3CCC4C(C)(C)C(O)CCC45CC35CCC12C,BIOFACQUIM
FQNP283,C=C(C)C(C)CCC(C)C1CCC2(C)C3CCC4C(C)(CCC(O)C4(C)C)C3=CCC12C,BIOFACQUIM
FQNP284,C=C(C)C(C)(C)CCC(C)C1CCC2(C)C3CCC4C(C)(CCC(O)C4(C)C)C3=CCC12C,BIOFACQUIM
FQNP645,CC1CCC2(C)CCC3(C)C(=CCC4C5(C)CCC(O)C(C)(C)C5CCC43C)C2C1C,BIOFACQUIM
FQNP35,CC(O)C(O)CC1OCc2c(O)cccc21,BIOFACQUIM
FQNP426,CC1CCC2C1C1C(CCC2(C)O)C1(C)CO,BIOFACQUIM
FQNP202,CC1CCC2(CO)CCC3(C)C(=CCC4C5(C)CCC(O)C(C)(C)C5CCC43C)C2C1C,BIOFACQUIM
FQNP322,OCCc1ccc(O)cc1,BIOFACQUIM
FQNP583,OCCN1CC(O)C(O)C(O)C1CO,BIOFACQUIM
FQNP574,C=CC1=C(CO)C2OC(O)CC3C(C)(C)CCCC3(C)C2CC1,BIOFACQUIM
FQNP613,CCC(C=CC(C)C1CCC2C3=CCC4CC(O)CCC4(C)C3CCC21C)C(C)C,BIOFACQUIM
FQNP614,OC1C(O)C(O)C(O)C(O)C1O,BIOFACQUIM
FQNP480,CC1=C2CC(=O)C(C)CC2C(C(C)C)C=C1,BIOFACQUIM
FQNP643,CC1(C)[C-2]CCC(C)(O)C(O)CCC(C)(O)CC1,BIOFACQUIM
FQNP508,CC1=CCCC(CO)=CCC2CCC(C)(O)C(CC1)C2(C)C,BIOFACQUIM
FQNP290,Cc1ccc(C(C)CCC(O)C(C)(C)O)cc1O,BIOFACQUIM
FQNP125,O=Cc1ccc(O)cc1,BIOFACQUIM
FQNP270,CC1C(=O)CCC2C1(C)CCC1C2(C)CCC2(C)C3CC(C)(C)CCC3(C=O)CCC12C,BIOFACQUIM
FQNP346,C=C(C)C(C)CCC(C)C1CCC2(C)C3CCC4C(C)(C)C(OC=O)CCC45CC35CCC12C,BIOFACQUIM
FQNP185,CC1=C2C(CCC1)C(=O)c1occ(C)c1C2(C)O,BIOFACQUIM
FQNP514,CC1=C2C(CCC1)C(=O)c1occ(C)c1C2(C)O,BIOFACQUIM
FQNP599,Oc1cccc2cc3ccccc3cc12,BIOFACQUIM
FQNP561,O=C1CC(c2ccccc2)Oc2cc(O)ccc21,BIOFACQUIM
FQNP600,O=C1CCC2(Oc3cccc4cccc(c34)O2)c2cccc(O)c21,BIOFACQUIM
FQNP191,Cc1cc(O)c2c(c1)C(=O)c1c(O)cccc1C2=O,BIOFACQUIM
FQNP601,O=C1CCC2(Oc3cccc4cccc(c34)O2)c2c(O)ccc(O)c21,BIOFACQUIM
FQNP214,O=C1CC(c2ccccc2)Oc2cc(O)cc(O)c21,BIOFACQUIM
FQNP216,O=c1cc(-c2ccccc2)oc2cc(O)cc(O)c12,BIOFACQUIM
FQNP317,O=c1cc(-c2ccc(O)cc2)oc2cc(O)cc(O)c12,BIOFACQUIM
FQNP342,Cc1cc(O)c2c(c1)C(=O)c1cc(O)cc(O)c1C2=O,BIOFACQUIM
FQNP140,O=c1cc(-c2ccc(O)cc2)oc2c(C3OC(CO)C(O)C(O)C3O)c(O)cc(O)c12,BIOFACQUIM
FQNP117,O=c1cc(-c2ccc(O)c(-c3c(O)cc(O)c4c(=O)cc(-c5ccc(O)cc5)oc34)c2)oc2cc(O)cc(O)c12,BIOFACQUIM
FQNP630,CC(C)=CCc1c2c(c(O)c3c1OC(c1ccc(O)cc1)CC3=O)C=CC(C)(C)O2,BIOFACQUIM
FQNP118,O=c1cc(-c2ccc(O)c(-c3c(O)cc4oc(-c5ccc(O)cc5)cc(=O)c4c3O)c2)oc2cc(O)cc(O)c12,BIOFACQUIM
FQNP119,O=C1CC(c2ccc(O)c(-c3c(O)cc4oc(-c5ccc(O)cc5)cc(=O)c4c3O)c2)Oc2cc(O)cc(O)c21,BIOFACQUIM
FQNP319,O=c1cc(-c2ccc(O)cc2)oc2cc(O)c(C3OC(CO)C(O)C(O)C3O)c(O)c12,BIOFACQUIM
FQNP36,C=C1OC(=O)C2(C(=O)C(O)CCC2C)C1O,BIOFACQUIM
FQNP37,C=C1OC(=O)C2(C(=O)C(=O)CCC2C)C1O,BIOFACQUIM
FQNP206,CC(C)c1c(O)c(O)c2c(c1O)C(=O)CC1C3(CCCC1(C)C(=O)O3)C2,BIOFACQUIM
FQNP210,CC(C)=c1c(O)c(O)c2c(c1O)C=CC1C3(C=2)CCCC1(C)C(=O)O3,BIOFACQUIM
FQNP204,CC(C)=c1c(O)c(O)c2c(c1O)C=C1OC(=O)C3(C)CCC(=O)C(C=2)C13,BIOFACQUIM
FQNP203,CC(C)C1C(=O)C(O)c2cc3c4c(c(=O)c2C1O)OC(=O)C4(C)CCC3O,BIOFACQUIM
FQNP211,CC(C)c1c(O)c(O)c2cc3c4c(c(=O)c2c1O)OC(=O)C4(C)CCC3,BIOFACQUIM
FQNP209,CC(C)=c1c(O)c(O)c2c(c1O)C=C1OC(=O)C3(C)CCCC(C=2)C13,BIOFACQUIM
FQNP208,CC(C)=c1c(O)c(O)c2c(c1O)C=C1OC(=O)C3(C)CC=CC(C=2)C13,BIOFACQUIM
FQNP581,CC1(C)C=Cc2c(ccc3c2NC(=O)C32CC34NC(=O)C5(CCCN5C3=O)CC4C2(C)C)O1,BIOFACQUIM
FQNP477,CC1=CC(O)(C(C)C)C(=O)c2cc(C)c(O)cc21,BIOFACQUIM
FQNP106,O=C1c2cc3ccoc3cc2OC2COc3cc4c(cc3C12)OCO4,BIOFACQUIM
FQNP628,CC1(C)C=Cc2c(cc3occ(-c4cc5c(cc4O)OC(C)(C)CC5)c(=O)c3c2O)O1,BIOFACQUIM
FQNP632,CC(C)=CCc1c2c(c(O)c3c(=O)c(O)c(-c4ccc(O)cc4)oc13)CCC(C)(C)O2,BIOFACQUIM
FQNP397,CCCC1OC(=O)C(O)CCC=CC(O)C1O,BIOFACQUIM
FQNP215,O=C1C(O)c2c(O)cc(O)cc2OC1c1ccccc1,BIOFACQUIM
FQNP51,C=CC(C)(C)C12Nc3c(O)cccc3C1(O)CC1C(=O)OC(Cc3ccccc3)C(=O)N12,BIOFACQUIM
FQNP46,C=CC(C)(C)C12Nc3ccccc3C1(O)CC1C(=O)OC(Cc3ccccc3)C(=O)N12,BIOFACQUIM
FQNP271,CC1C(=O)CCC2C1(C)CCC1C2(C)CCC2(C)C3CC(C)(C)CCC3(CO)CCC12C,BIOFACQUIM
FQNP269,CC1C(=O)CCC2C1(C)CCC1C2(C)CCC2(C)C3CC(C)(C)CCC3(C)CCC12C,BIOFACQUIM
FQNP563,CC1C(=O)CC(O)C2C1(C)CCC1C2(C)CCC2(C)C3CC(C)(C)CCC3(C)CCC12C,BIOFACQUIM
FQNP491,CC1=C2CC3CCC(C)C2(C(=O)C1)C3(C)C,BIOFACQUIM
FQNP356,CC1(C)Oc2ccc3ccc(=O)oc3c2C(O)C1O,BIOFACQUIM
FQNP252,O=c1ccc2ccc(O)cc2o1,BIOFACQUIM
FQNP501,CC(C)c1cc2cc3ccc(=O)oc3cc2o1,BIOFACQUIM
FQNP496,CC1(C)C=Cc2cc3ccc(=O)oc3cc2O1,BIOFACQUIM
FQNP499,C=C(C)C1Cc2cc3ccc(=O)oc3cc2O1,BIOFACQUIM
FQNP527,O=c1ccc2cc(O)c(O)cc2o1,BIOFACQUIM
FQNP396,CCCC1OC(=O)CCCC=CC(O)C1O,BIOFACQUIM
FQNP395,CCCC1CC(O)C=CCCCC(=O)O1,BIOFACQUIM
FQNP550,C=C(C)C1=CC(=O)C(C)=CC(=O)CC(C)Cc2cc(c(O)o2)CC1,BIOFACQUIM
FQNP524,C=C(C)C1CCc2cc(oc2O)CC(C)=Cc2cc(C)c(o2)C1,BIOFACQUIM
FQNP40,CC1OC(=O)c2c(O)cccc2C1O,BIOFACQUIM
FQNP41,CC1OC(=O)c2c(O)cccc2C1O,BIOFACQUIM
FQNP34,O=C1C=Cc2cccc(O)c2CO1,BIOFACQUIM
FQNP523,C=C(C)C1=CC(=O)C(C)CC(=O)C2OC2(C)Cc2cc(c(O)o2)CC1,BIOFACQUIM
FQNP434,CCCCCCCCCCCCCCCCCCCCCCCCCCC1CCC(=O)O1,BIOFACQUIM
FQNP433,CCCCCCCCCCCCCCCCCCCCCCCCCC1CCC(=O)O1,BIOFACQUIM
FQNP432,CCCCCCCCCCCCCCCCCCCCCCCCC1CCC(=O)O1,BIOFACQUIM
FQNP431,CCCCCCCCCCCCCCCCCCCCCCCC1CCC(=O)O1,BIOFACQUIM
FQNP430,CCCCCCCCCCCCCCCCCCCCCCC1CCC(=O)O1,BIOFACQUIM
FQNP429,CCCCCCCCCCCCCCCCCCCCCC1CCC(=O)O1,BIOFACQUIM
FQNP428,CCCCCCCCCCCCCCCCCCCCC1CCC(=O)O1,BIOFACQUIM
FQNP612,CCC=Cc1oc(O)c2c1CCC1C3=CC4C(=O)OC(=CCCC)C4(CC3)C21,BIOFACQUIM
FQNP111,CCC=Cc1oc(O)c2c1CCC1C3=CC4C(=O)OC(=CCCC)C4(CC3)C21,BIOFACQUIM
FQNP171,CCC=Cc1oc(O)c2ccccc12,BIOFACQUIM
FQNP170,CCC=Cc1oc(O)c2c1CCC=C2,BIOFACQUIM
FQNP169,CCC=Cc1oc(O)c2c1CCC1C3=CC4C(=O)OC(=CCCC)C4(CC3)C21,BIOFACQUIM
FQNP90,CCC(C)C1NC(=O)c2c1n(C)c1ccccc1c2=O,BIOFACQUIM
FQNP91,CCC(C)C1NC(=O)c2c1n(C)c1ccccc1c2=O,BIOFACQUIM
FQNP323,O=c1[nH]cnc2c1ncn2C1OC(CO)C(O)C1O,BIOFACQUIM
FQNP92,CC(C)C1NC(=O)c2c1n(C)c1ccccc1c2=O,BIOFACQUIM
FQNP93,Cn1c2c(c(=O)c3ccccc31)C(=O)NC2=O,BIOFACQUIM
FQNP133,CN1C(=O)C2(Cc3cn(C45CC67SSC(CO)(C(=O)N6C4Nc4ccccc45)N(C)C7=O)c4ccccc34)SSC1(CO)C(=O)N2C,BIOFACQUIM
FQNP89,CN1C(=O)c2ccccc2-n2c(nc3ccccc3c2=O)C1Cc1ccccc1,BIOFACQUIM
FQNP602,CC(C)C(C)C=CC(C)C1CCC2=C3C=CC4=CC(=O)CCC4(C)C3CCC21C,BIOFACQUIM
FQNP303,CC(C)C(C)C=CC(C)C1CCC2=C3C=CC4=CC(=O)CCC4(C)C3CCC21C,BIOFACQUIM
FQNP541,OCC1OC(Oc2cc(O)cc3cc(O)cc(-c4ccc(O)c(O)c4)c23)C(O)C(O)C1O,BIOFACQUIM
FQNP25,C=C(C)C12OC1C1(C)C(=CC2=O)CCC(O)C1C,BIOFACQUIM
FQNP629,CC1(C)C=Cc2c(cc(O)c3c(=O)c(-c4cc5c(cc4O)OC(C)(C)CC5)coc23)O1,BIOFACQUIM
FQNP631,CC(C)=CCc1cc(C2COc3cc4c(c(O)c3C2=O)C=CC(C)(C)O4)c(O)cc1O,BIOFACQUIM
FQNP166,O=c1c(O)c(-c2ccc(O)cc2)oc2cc(O)cc(O)c12,BIOFACQUIM
FQNP167,O=c1c(O)c(-c2ccc(O)c(O)c2)oc2cc(O)cc(O)c12,BIOFACQUIM
FQNP531,O=c1c(O)c(-c2ccc(O)c(O)c2)oc2cc(O)c(O)c(O)c12,BIOFACQUIM
FQNP85,CC(C)=CC=CC(C)c1c(O)cc(C)c(O)c1O,BIOFACQUIM
FQNP86,CC1C(=O)C(=O)C23C(=O)C1C(C)(C)C2CCC3C,BIOFACQUIM
FQNP87,CC1C(=O)C(=O)C23C(=O)C1C(C)(C)C2CCC3C,BIOFACQUIM
FQNP435,CC1=CC(=O)C(=O)C2Cc3oc(O)c(C)c3CC12C,BIOFACQUIM
FQNP11,C=Nc1cc(O)c(O)c(C)c1O,BIOFACQUIM
FQNP345,C=C(C)C(CCC(C)C1CCC2(C)C3CCC4C(C)(C)C(=O)CCC45CC35CCC12C)C(C)C,BIOFACQUIM
FQNP347,C=C(C)C(C)CCC(C)C1CCC2(C)C3CCC4C(C)(C)C(=O)CCC45CC35CCC12C,BIOFACQUIM
FQNP276,C=C(C)C(C)(C)CCC(C)C1CCC2(C)C3CCC4C(C)(C)C(=O)CCC45CC35CCC12C,BIOFACQUIM
FQNP498,C=CC(C)(C)c1cc2cc3ccoc3cc2oc1=O,BIOFACQUIM
FQNP497,C=CC(C)(C)c1cc2cc3c(cc2oc1=O)OC(C)(C)C=C3,BIOFACQUIM
FQNP500,C=CC(C)(C)c1cc2cc3c(cc2oc1=O)OC(C(C)(C)O)C3,BIOFACQUIM
FQNP212,CC(C)c1c(O)c(O)c2c(c1O)C(=O)CC1C3(C)CCCC21C(O)OC3,BIOFACQUIM
FQNP2,C=C1C(=O)OC2C1CCC1(C)C(O)CC=C(C)C21,BIOFACQUIM
FQNP380,C=C1C(=O)OC2CC(C)=CC=CC(C)CCC12,BIOFACQUIM
FQNP379,C=C1C(=O)OC2C1CCC(=C)C1CCC(=C)C12,BIOFACQUIM
FQNP114,C=C1C(=O)OC2C1CCC1(C)C(=O)C=CC(C)(O)C21,BIOFACQUIM
FQNP24,CC(C)=C1CC2(C)C(=CC1=O)CCC(O)C2C,BIOFACQUIM
FQNP547,C=C(C)C1CCC(C)=CCC=C(C)CC(=O)CC2(C)OC2C1,BIOFACQUIM
FQNP546,C=C(C)C1CCC(C)=CCC=C(C)CC(=O)CC2(C)OC2C1,BIOFACQUIM
FQNP579,CC=CC1=CC=CC(C2C(=O)C=NC2=O)O1,BIOFACQUIM
FQNP23,CC(C)=C1C(=O)C=C2CCC(O)C(C)C2(C)C1O,BIOFACQUIM
FQNP537,CC(=O)OC(C)(C)C=CC(=O)C(C)(O)C1C(O)CC2(C)C3CC=C4C(CC(=O)C(O)C4(C)C)C3(CO)C(=O)CC12C,BIOFACQUIM
FQNP538,CC(C)CCC(=O)C(C)(O)C1C(O)CC2(C)C3CC=C4C(CC(O)C(OC5OC(CO)C(O)C(O)C5O)C4(C)C)C3C(=O)CC12C,BIOFACQUIM
FQNP389,Cc1cc(O)cc(OC(=O)c2c(C)cc(O)cc2O)c1,BIOFACQUIM
FQNP390,Cc1cc(OC(=O)c2c(C)cc(OC(=O)c3c(C)cc(O)cc3O)cc2O)cc(O)c1C(=O)O,BIOFACQUIM
FQNP375,C=CC(OC(=O)CC(C)C)c1ccc(OC(=O)C(C)C)c(OC)c1,BIOFACQUIM
FQNP627,C[n+]1cccc(C(=O)Oc2c(O)cc(C(=O)[O-])cc2O)c1,BIOFACQUIM
FQNP408,CC=C(C)C(=O)Oc1cc(C)ccc1C1(COC(C)=O)CO1,BIOFACQUIM
FQNP407,CC=C(C)C(=O)Oc1cc(C)ccc1C1(CO)CO1,BIOFACQUIM
FQNP147,CC=C(C)C(=O)Oc1cc(C)ccc1C1(C(C)=O)CO1,BIOFACQUIM
FQNP136,COc1c(C)c(OC(=O)c2c(C)cc(O)c(C)c2O)c(C)c(C)c1C(=O)Oc1c(C)c(C)c(C(=O)O)c(O)c1C,BIOFACQUIM
FQNP134,Cc1cc(O)c(C)c(O)c1C(=O)Oc1c(C)c(C)c(C(=O)Oc2c(C)c(C)c(C(=O)O)c(O)c2C)c(O)c1C,BIOFACQUIM
FQNP135,COc1c(C)c(OC(=O)c2c(C)cc(O)c(C)c2O)c(C)c(C)c1C(=O)Oc1cc(C)c(C(=O)O)c(O)c1C,BIOFACQUIM
FQNP145,CC=CC(=O)Oc1cc(C)ccc1C(C)C,BIOFACQUIM
FQNP404,CC=C(C)C(=O)Oc1cc(C)ccc1C(C)C,BIOFACQUIM
FQNP174,COC(=O)C12Oc3c(c(O)cc4c3C3=CCC5(C4)C(C3=O)C(=O)c3c(O)cc(C)cc3C5OC(C)=O)C(=O)C1C(=O)C=CC2O,BIOFACQUIM
FQNP175,COC(=O)c1c(O)ccc(O)c1C(=O)c1c(O)cc2c(c1O)C1=CCC3(C2)C(C1=O)C(=O)c1c(O)cc(C)cc1C3OC(C)=O,BIOFACQUIM
FQNP473,CC(=O)OC1CC2C(C)(C)C(=O)C=CC2(C)C2CCC3(C)C(c4ccoc4)OC(=O)C4OC43C12C,BIOFACQUIM
FQNP186,CC=C(C)C(=O)OC1c2ccoc2C(=O)C2CC(=O)CC(C)C21C,BIOFACQUIM
FQNP182,CC=C(C)C(=O)OC1c2c(C)coc2C(=O)C2=CCCC(C)C21C,BIOFACQUIM
FQNP584,CC(=O)OC1CC2C(C)c3ccoc3CC2C2(C)CCCC(C)(C)C12,BIOFACQUIM
FQNP585,C=CC1=CCC2C(CC(OC(C)=O)C3C(C)(C)CCCC23C)C1C,BIOFACQUIM
FQNP586,C=CC1=C(C)C2CC(OC(C)=O)C3C(C)(C)CCCC3(C)C2CC1,BIOFACQUIM
FQNP138,O=C(C=Cc1ccc(O)c(O)c1)OC1CC(O)(C(=O)O)CC(O)C1O,BIOFACQUIM
FQNP549,C=C(C)C1Cc2oc(cc2C=O)C(O)C(C)(O)CC2OC(=O)C3(OC23)C(OC(C)=O)C1,BIOFACQUIM
FQNP522,CC(=O)OC1CC(C2(C)CO2)Cc2oc(cc2C=O)C2OC2(C)CC2OC(=O)C13OC23,BIOFACQUIM
FQNP548,C=C(C)C1Cc2oc(cc2C(=O)OC)C2OC2(C)CC2OC(=O)C3(OC23)C(OC(C)=O)C1,BIOFACQUIM
FQNP520,C=C(C)C1Cc2oc(cc2C=O)C(O)C(C)(O)CC2OC(=O)C3(OC23)C(OC(C)=O)C1,BIOFACQUIM
FQNP350,CCC(=O)OC1c2c(ccc3ccc(=O)oc23)OC(C)(C)C1OC(C)=O,BIOFACQUIM
FQNP354,CC(=O)OC1C(OC(=O)C(C)C)c2c(ccc3ccc(=O)oc23)OC1(C)C,BIOFACQUIM
FQNP449,COC(=O)C12CCC3(C)C4=CCC(=O)OCC4(C(C)O)C(OC(C)=O)C(O)C3C1(C)CCC1(C)CC=C(C)CC12O,BIOFACQUIM
FQNP453,C=C1CCC2(C)CCC3(C)C4C(O)C(OC(C)=O)C5(C(C)O)COC(=O)C=CC5C4(C)CCC3(C(=O)OC)C2(O)C1,BIOFACQUIM
FQNP81,CCCCCCCCCCCC(=O)OC1C(OC2C(C)OC(OC3C(OC(CCCCC)CCCCCCCCCC(=O)OC4C(OC5C(OC6OC(C)C(OC(=O)C(C)C)C(O)C6O)C(C)OC(OC6C(C)OC7OC8C(OC(CCCCC)CCCCCCCCCC(=O)OC7C6O)OC(C)C(O)C8O)C5OC(=O)CCCCCCCCCCC)OC(C)C(O)C4O)OC(C)C(O)C3O)C(O)C2O)OC(C)C(OC2OC(C)C(OC(=O)C(C)C)C(O)C2O)C1OC1CC(C)C(O)C(O)C1O,BIOFACQUIM
FQNP84,CCCCCCCCCCCC(=O)OC1C(OC2C(C)OC(OC3C(OC(CCCCC)CCCCCCCCCC(=O)OC4C(C)OC(OC5C(OC6OC(C)C(OC(=O)C(C)CC)C(O)C6O)C(C)OC(OC6C(C)OC7OC8C(OC(CCCCC)CCCCCCCCCC(=O)OC6C7O)OC(C)C(O)C8O)C5OC(=O)CCCCCCCCCCC)C(O)C4O)OC(C)C(O)C3O)C(O)C2O)OC(C)C(OC2OC(C)C(OC(=O)C(C)CC)C(O)C2O)C1OC1CC(C)C(O)C(O)C1O,BIOFACQUIM
FQNP83,CCCCCCCCCC(=O)OC1C(OC2C(C)OC(OC3C(OC(CCCCC)CCCCCCCCCC(=O)OC4C(C)OC(OC5C(OC6OC(C)C(OC(=O)C(C)CC)C(O)C6O)C(C)OC(OC6C(C)OC7OC8C(OC(CCCCC)CCCCCCCCCC(=O)OC6C7O)OC(C)C(O)C8O)C5OC(=O)CCCCCCCCC)C(O)C4O)OC(C)C(O)C3O)C(O)C2O)OC(C)C(OC2OC(C)C(OC(=O)C(C)CC)C(O)C2O)C1OC1CC(C)C(O)C(O)C1O,BIOFACQUIM
FQNP351,CC(C)C(=O)OC1c2c(ccc3ccc(=O)oc23)OC(C)(C)C1O,BIOFACQUIM
FQNP352,CC=C(C)C(=O)OC1c2c(ccc3ccc(=O)oc23)OC(C)(C)C1O,BIOFACQUIM
FQNP213,CC(=O)OC1=CC2C(C)(CO)CCCC2(C)c2c(O)c(O)c(C(C)C)c(O)c21,BIOFACQUIM
FQNP205,CC(=O)OC1=CC2C3(CCCC2(C)C(=O)O3)Cc2c(O)c(O)c(C(C)C)c(O)c21,BIOFACQUIM
FQNP116,COC(=O)C1(O)CC(OC(=O)C=Cc2ccc(O)c(O)c2)C(O)C(OC(=O)C=Cc2ccc(O)c(O)c2)C1,BIOFACQUIM
FQNP168,O=C(C=Cc1ccc(O)c(O)c1)OC1CC(O)(C(=O)O)CC(OC(=O)C=Cc2ccc(O)c(O)c2)C1O,BIOFACQUIM
FQNP236,COC(=O)CC1C(C)(C)C(OC(=O)C(C)C)C2(OC(C)=O)C(=O)C1(C)C1CCC3(C)C(c4ccoc4)OC(=O)CC3C13OC23,BIOFACQUIM
FQNP233,COC(=O)CC1C(C)(C)C(OC(=O)C(C)C)C2(OC(C)=O)C=C3C4CC(=O)OC(c5ccoc5)C4(C)CCC3C1(C)C2=O,BIOFACQUIM
FQNP234,CC=C(C)C(=O)OC1C2(OC(C)=O)C=C3C4CC(=O)OC(c5ccoc5)C4(C)CCC3C(C)(C2=O)C(CC(=O)OC)C1(C)C,BIOFACQUIM
FQNP235,COC(=O)CC1C(C)(C)C(OC(=O)C(C)C)C2(O)C(=O)C1(C)C1CCC3(C)C(c4ccoc4)OC(=O)CC3C13OC23,BIOFACQUIM
FQNP231,COC(=O)CC1C(C)(C)C(OC(=O)C(C)C)C2(O)C=C3C4CC(=O)OC(c5ccoc5)C4(C)CCC3C1(C)C2=O,BIOFACQUIM
FQNP232,CC=C(C)C(=O)OC1C2(O)C=C3C4CC(=O)OC(c5ccoc5)C4(C)CCC3C(C)(C2=O)C(CC(=O)OC)C1(C)C,BIOFACQUIM
FQNP358,CC(C)C(=O)OC1Cc2c(ccc3ccc(=O)oc23)OC1(C)C,BIOFACQUIM
FQNP357,CC=C(C)C(=O)OC1Cc2c(ccc3ccc(=O)oc23)OC1(C)C,BIOFACQUIM
FQNP360,COc1c2c(cc3oc(C)cc(=O)c13)OC(C)(C)C(OC(=O)C(C)C)C2,BIOFACQUIM
FQNP359,CC=C(C)C(=O)OC1Cc2c(cc3oc(C)cc(=O)c3c2OC)OC1(C)C,BIOFACQUIM
FQNP47,C=CC(C)(C)C12Nc3ccccc3C1(OC(C)=O)CC1C(=O)OC(Cc3ccccc3)C(=O)N12,BIOFACQUIM
FQNP52,C=CC(C)(C)C12Nc3c(O)cccc3C1(OC(C)=O)CC1C(=O)OC(Cc3ccccc3)C(=O)N12,BIOFACQUIM
FQNP551,C=C(C)C1Cc2oc(cc2C=O)C2OC2(C)CC2OC(=O)C3(OC23)C(OC(C)=O)C1,BIOFACQUIM
FQNP183,CCC(C)C(=O)OC1c2c(C)coc2C(=O)C2=CCCC(C)C21C,BIOFACQUIM
FQNP184,CC=C(C)C(=O)OC1c2c(C)coc2C(=O)C2=CCCC(C)C21C,BIOFACQUIM
FQNP355,CC(=O)OC1c2c(ccc3ccc(=O)oc23)OC(C)(C)C1OC(C)=O,BIOFACQUIM
FQNP353,CC=C(C)C(=O)OC1C(O)c2c(ccc3ccc(=O)oc23)OC1(C)C,BIOFACQUIM
FQNP451,COC(=O)C12CCC3(C)C4=CCC(=O)OCC4(C(C)O)C(O)C(OC(C)=O)C3C1(C)CCC1(C)CC=C(C)CC12O,BIOFACQUIM
FQNP455,C=C1CCC2(C)CCC3(C)C4C(OC(C)=O)C(O)C5(C(C)O)COC(=O)C=CC5C4(C)CCC3(C(=O)OC)C2(O)C1,BIOFACQUIM
FQNP620,COc1cc(C2c3cc4c(cc3C(OC(C)=O)C3COC(=O)C23)OCO4)cc(OC)c1OC,BIOFACQUIM
FQNP572,CCCCCCCCCC(=O)OC1C(OC2C(C)OC3OC4C(OC(CCCCC)CCCCCCCCCC(=O)OC3C2O)OC(C)C(O)C4O)OC(C)C(OC2OC(C)C(OC(=O)CCCCC)C(OC(=O)C=Cc3ccccc3)C2O)C1OC1OC(CO)C(O)C(O)C1O,BIOFACQUIM
FQNP241,C=C1C(=O)OC2CC(C)=CCC(=O)C(C)(O)C(OC(C)=O)C(OC(=O)C(C)=CC)C12,BIOFACQUIM
FQNP240,C=C(C)C(=O)OC1C2C(=C)C(=O)OC2CC(C)=CCC(=O)C(C)(O)C1OC(C)=O,BIOFACQUIM
FQNP161,C=C1C(=O)OC2CC(C)=CCC(=O)C(C)(O)C(OC(C)=O)C(OC(=O)C(C)=CC)C12,BIOFACQUIM
FQNP162,C=C1C(=O)OC2CC(C)=CCC(=O)C(C)(O)C(OC(C)=O)C(OC(=O)C(C)=CC)C12,BIOFACQUIM
FQNP82,CCCCCCCCCCCC(=O)OC1C(OC2C(C)OC3OC4C(OC(CCCCC)CCCCCCCCCC(=O)OC3C2O)OC(C)C(O)C4O)OC(C)C(OC2OC(C)C(OC(=O)C(C)CC)C(O)C2O)C1OC1OC(C)C(O)C(O)C1OC(=O)CCCCCCCCCC(CCCCC)OC1OC(C)C(O)C(O)C1OC1OC(C)C(OC2OC(C)C(OC3OC(C)C(OC(=O)C(C)CC)C(OC(=O)C=Cc4ccccc4)C3O)C(OC3CC(C)C(O)C(O)C3O)C2O)C(O)C1O,BIOFACQUIM
FQNP573,CCCCCCCCCCCC(=O)OC1C(OC2C(C)OC(OC3C(OC(CCCCC)CCCCCCCCCC(=O)OC4C(CO)OC(OC5C(OC6OC(C)C(OC(=O)C(C)CC)C(O)C6OC(=O)C=Cc6ccccc6)C(C)OC(OC6C(C)OC7OC8C(OC(CCCCC)CCCCCCCCCC(=O)OC7C6O)OC(C)C(O)C8O)C5OC(=O)CCCCCCCCCCC)C(O)C4O)OC(C)C(O)C3O)C(O)C2O)OC(C)C(OC2OC(C)C(OC(=O)C(C)CC)C(OC(=O)C=Cc3ccccc3)C2O)C1OC1OC(CO)C(O)C(O)C1O,BIOFACQUIM
FQNP80,CCCCCCCCCCCC(=O)OC1C(O)C(C)OC(OC2C(C)OC(OC3C4OC(COC(C)=O)C(O)C3OC(=O)CC(OC3OC(C)C(O)C(O)C3O)CCCCCCCC(CCC)OC3OC(C)C(O)C(O)C3O4)C(OC(=O)C(C)CC)C2OC2OC(CO)C(O)C(O)C2OC2OC(C)C(O)C(OC(=O)C(C)CC)C2O)C1O,BIOFACQUIM
FQNP571,CCCCCCCCCC(=O)OC1C(OC2C(C)OC3OC4C(OC(CCCCC)CCCCCCCCCC(=O)OC3C2O)OC(C)C(O)C4O)OC(C)C(OC2OC(C)C(OC(=O)C(C)CC)C(O)C2OC(=O)C=Cc2ccccc2)C1OC1OC(CO)C(O)C(O)C1O,BIOFACQUIM
FQNP507,CCCCCCCCCC(=O)OC1C(OC2C(C)OC3OC4C(OC(CCCCC)CCCCCCCCCC(=O)OC2C3O)OC(C)C(O)C4O)OC(C)C(OC2OC(C)C(OC(=O)C(C)CC)C(O)C2O)C1OC1OC(C)C(O)C(O)C1O,BIOFACQUIM
FQNP517,CC(=O)OC12C(OC(=O)C(C(C)C)N(C)C)C(C)C3(O)C4=C(CC(CO)=CC3C1(C)C2(C)C)C(=O)C(C)C4,BIOFACQUIM
FQNP268,C=C1CCC2(C)CCC3(C)C(CCC4C5(C)CCC(OC(C)=O)C(C)(C)C5CCC43C)C2C1C,BIOFACQUIM
FQNP565,CC(=O)OC1CCC2(C)C3CCC4(C)C(=CCC5(C(=O)O)CCC(C)(C)CC45)C3(C)CCC2C1(C)C,BIOFACQUIM
FQNP349,C=C(C)C(C)CCC(C)C1CCC2(C)C3CCC4C(C)(C)C(OC(C)=O)CCC45CC35CCC12C,BIOFACQUIM
FQNP377,C=C1C(=O)OC2C1CCC(=C)C1CC(OC(=O)CC(C)C)C(=C)C12,BIOFACQUIM
FQNP376,C=C1C(=O)OC2C1CCC(=C)C1CC(OC(=O)C(C)C)C(=C)C12,BIOFACQUIM
FQNP439,COc1cccc(OC)c1C(=O)OCc1ccccc1,BIOFACQUIM
FQNP441,COc1cccc(O)c1C(=O)OCc1ccccc1,BIOFACQUIM
FQNP442,COc1ccc(OC)c(C(=O)OCc2ccccc2)c1OC,BIOFACQUIM
FQNP443,COc1ccc(O)c(C(=O)OCc2ccccc2)c1OC,BIOFACQUIM
FQNP444,COc1cccc(COC(=O)c2c(OC)cccc2OC)c1,BIOFACQUIM
FQNP440,COc1cccc(COC(=O)c2c(O)cccc2OC)c1,BIOFACQUIM
FQNP437,COc1cccc(OC)c1C(=O)OCc1cccc(O)c1,BIOFACQUIM
FQNP438,COc1ccccc1COC(=O)c1ccccc1O,BIOFACQUIM
FQNP207,CC(=O)OCC1(C)CCCC2(C)c3c(cc(C(C)C)c(O)c3O)C(=O)CC12,BIOFACQUIM
FQNP198,O=C(OCC1OC(Oc2c(-c3ccc(O)c(O)c3)oc3cc(O)cc(O)c3c2=O)C(O)C(O)C1O)c1ccccc1,BIOFACQUIM
FQNP648,CCCCCCCCCCCCCCCCCCCCCCCC(=O)OCC(O)CO,BIOFACQUIM
FQNP94,O=C(NC(COC(=O)C(Cc1ccccc1)NC(=O)c1ccccc1)Cc1ccccc1)c1ccccc1,BIOFACQUIM
FQNP123,CCCCCCCCCCCCCCCCCCCCCCCCCCCCCCOC(=O)C=Cc1ccc(O)cc1,BIOFACQUIM
FQNP122,CCCCCCCCCCCCCCCCCCCCCCCCCCCCOC(=O)C=Cc1ccc(O)cc1,BIOFACQUIM
FQNP121,CCCCCCCCCCCCCCCCCCCCCCCCCCOC(=O)C=Cc1ccc(O)cc1,BIOFACQUIM
FQNP609,CCCCCc1cc2c(c(O)c1C(=O)O)C1C=C(COC(C)=O)CCC1C(C)(C)O2,BIOFACQUIM
FQNP409,CC=C(C)C(=O)OCC(O)(COC(C)=O)c1ccc(C)cc1O,BIOFACQUIM
FQNP405,CC=C(C)C(=O)OCC(O)(COC(=O)C(C)=CC)c1ccc(C)cc1O,BIOFACQUIM
FQNP406,CC=C(C)C(=O)OCC(O)(CO)c1ccc(C)cc1O,BIOFACQUIM
FQNP373,CC(=O)OCC(=O)c1ccc(C)cc1O,BIOFACQUIM
FQNP521,C=C(COC(C)=O)C1Cc2oc(cc2C=O)C2OC2(C)CC2OC(=O)C3(OC23)C(OC(C)=O)C1,BIOFACQUIM
FQNP518,CC(=O)OC12C(OC(=O)C(C(C)C)N(C)C)C(C)C3(O)C4=C(CC(CO)=CC3C1C2(C)C)C(=O)C(C)C4,BIOFACQUIM
FQNP519,CC(=O)OC12C(OC(=O)C(C(C)C)N(C)C)C(C)C3(O)C(C=C(CO)CC4(O)C(=O)C(C)=CC43)C1C2(C)C,BIOFACQUIM
FQNP509,CC(=O)OCC1=CCC2CCC(C)(O)C(CCC(C)=CCC1)C2(C)C,BIOFACQUIM
FQNP381,C=C1C(=O)OC2CC(COC(=O)CC(C)C)=CC=CC(C)CCC12,BIOFACQUIM
FQNP382,C=C1C(=O)OC2CC(COC(=O)C(C)C)=CC=CC(C)CCC12,BIOFACQUIM
FQNP344,COC(=O)c1ccc(O)cc1,BIOFACQUIM
FQNP260,COC(=O)c1cc(O)c(O)c(O)c1,BIOFACQUIM
FQNP419,COC(=O)c1cccc2oc3cc(C)cc(O)c3c(=O)c12,BIOFACQUIM
FQNP393,COC(=O)c1c(C)cc(O)cc1O,BIOFACQUIM
FQNP391,COC(=O)c1c(C)cc(O)c(C=O)c1O,BIOFACQUIM
FQNP450,COC(=O)C12CCC3(C)C4=CCC(=O)OCC4(C(C)O)C(O)C(O)C3C1(C)CCC1(C)CC=C(C)CC12O,BIOFACQUIM
FQNP448,COC(=O)C12CCC3(C)C4=CCC(=O)OCC4(C(C)O)CC(O)C3C1(C)CCC1(C)CC=C(C)CC12O,BIOFACQUIM
FQNP454,C=C1CCC2(C)CCC3(C)C4C(O)C(O)C5(C(C)O)COC(=O)C=CC5C4(C)CCC3(C(=O)OC)C2(O)C1,BIOFACQUIM
FQNP456,COC(=O)C12CCC3(C)C4=CCC(=O)OCC4(C(C)O)CC(O)C3C1(C)CCC1(C)CCC(C)=CC12O,BIOFACQUIM
FQNP452,C=C1CCC2(C)CCC3(C)C4C(O)CC5(C(C)O)COC(=O)C=CC5C4(C)CCC3(C(=O)OC)C2(O)C1,BIOFACQUIM
FQNP192,COC(=O)C12Oc3cccc(O)c3C(=O)C1=C(OC)OC=C(C)C2=O,BIOFACQUIM
FQNP53,C=CC(C)(C)C1(CC(NC(=O)C(O)Cc2ccccc2)C(=O)OC)C(=O)Nc2c(O)cccc21,BIOFACQUIM
FQNP424,COC(=O)Cc1ccc(O)cc1,BIOFACQUIM
FQNP230,COC(=O)CC1C(C)(C)C(OC(C)=O)C2(O)C(=O)C1(C)C1CCC3(C)C(c4ccoc4)OC(=O)CC3C13OC23,BIOFACQUIM
FQNP229,COC(=O)CC1C(C)(C)C(OC(C)=O)C2(O)C=C3C4CC(=O)OC(c5ccoc5)C4(C)CCC3C1(C)C2=O,BIOFACQUIM
FQNP591,COC(=O)CC(C)CCC1C(C)=CCC2C(C)(C)CCCC12C,BIOFACQUIM
FQNP506,CCCCCCCCCCCC(=O)OC1C(OC2C(C)OC(OC3C(OC(CCCCC)CCCCCCCCCC(=O)OC)OC(C)C(O)C3O)C(O)C2O)OC(C)C(OC2OC(C)C(O)C(O)C2O)C1OC1OC(C)C(O)C(O)C1O,BIOFACQUIM
FQNP335,CCCCCC(CCCCCCCCCC(=O)OC)OC1OC(C)C(O)C(O)C1OC1OC(CO)C(O)C(O)C1OC1OC(C)C(OC2OC(C)C(O)C(O)C2O)C(CC2OC(CO)C(O)C(O)C2OC2OC(C)C(O)C(O)C2O)C1O,BIOFACQUIM
FQNP334,CCCC(CCCCCCCCCC(=O)OC)OC1OC(C)C(O)C(O)C1OC1OC(CO)C(O)C(O)C1OC1OC(C)C(OC2OC(C)C(O)C(O)C2O)C(CC2OC(CO)C(O)C(O)C2OC2OC(C)C(O)C(O)C2O)C1O,BIOFACQUIM
FQNP465,COC(=O)CC1CCCC(CCCCCCCCCCc2ccccc2)O1,BIOFACQUIM
FQNP467,CCCCCCCCCCCCCCC1CCC(CC(=O)OC)O1,BIOFACQUIM
FQNP466,CCCCCCCCCCCCCC1CCCC(CC(=O)OC)O1,BIOFACQUIM
FQNP569,COC(=O)CC1(O)C=CC(=O)C=C1,BIOFACQUIM
FQNP378,C=CC(OC(=O)C(C)C)c1ccc(OC(=O)C(C)C)c(OC)c1,BIOFACQUIM
FQNP544,CC=C(C)C(=O)OC(C)(C)C1Cc2c(cc3oc(C)cc(=O)c3c2OC)O1,BIOFACQUIM
FQNP476,Cc1ccc(C(C)C)c2cc(C(=O)O)ccc12,BIOFACQUIM
FQNP261,O=C(O)c1cc(O)c(O)c(O)c1,BIOFACQUIM
FQNP266,COc1cccc(O)c1C(=O)O,BIOFACQUIM
FQNP267,COc1ccccc1C(=O)O,BIOFACQUIM
FQNP150,CCCCCCCCCCCCCCCCCCCc1cccc(O)c1C(=O)O,BIOFACQUIM
FQNP148,CCC=CCCCCCCCCCCCCCCCc1cccc(O)c1C(=O)O,BIOFACQUIM
FQNP151,CCCCCCCCCCCCCCCc1cccc(O)c1C(=O)O,BIOFACQUIM
FQNP149,CCCCCCC=CCCCCCCCc1cccc(O)c1C(=O)O,BIOFACQUIM
FQNP646,CC1(C)C=C2C3CCC4C5(C)CCC(O)C(C)(C)C5CCC4(C)C3(C)CCC2(C(=O)O)CC1,BIOFACQUIM
FQNP154,CC1(C)CCC2(C(=O)O)CCC3(C)C(=CCC4C5(C)CCC(O)C(C)(C)C5CCC43C)C2C1,BIOFACQUIM
FQNP564,CC1(C)CCC2(C)CCC3(C)C4CCC5(C)C(C(=O)O)C(O)CCC5C4(C)CCC3(C)C2C1,BIOFACQUIM
FQNP562,C=CC1C(C)(C(C)C(=O)O)CCC2C1(C)CCC1(C)C3CC(C)(C)CCC3(C)CCC21C,BIOFACQUIM
FQNP265,CC1CCC2(C(=O)O)CCC3(C)C(=CCC4C5(C)CCC(O)C(C)(CO)C5CCC43C)C2C1C,BIOFACQUIM
FQNP201,CC1CCC2(C(=O)O)CCC3(C)C(=CCC4C5(C)CCC(O)C(C)(C)C5CCC43C)C2C1C,BIOFACQUIM
FQNP647,CC1CCC2(C(=O)O)CCC3(C)C(=CCC4C5(C)CCC(O)C(C)(C)C5CCC43C)C2C1C,BIOFACQUIM
FQNP637,C=C(C=O)C1CCC2(C(=O)O)CCC3(C)C(CCC4C5(C)CCC(O)C(C)(CO)C5CCC43C)C12,BIOFACQUIM
FQNP636,C=C(C)C1CCC2(C(=O)O)CCC3(C)C(CCC4C5(C)CCC(O)C(C)(CO)C5CCC43C)C12,BIOFACQUIM
FQNP638,C=C(C)C1CCC2(C(=O)O)CCC3(C)C(CCC4C5(C)CCC6OC(C)(C)OCC6(C)C5CCC43C)C12,BIOFACQUIM
FQNP287,CC1(C(=O)O)CCCC2(C)C3CC4C5CC3(CCC12)CC45C,BIOFACQUIM
FQNP49,C=CC(C)(C)C1(CC(NC(=O)C(O)Cc2ccccc2)C(=O)O)C(=O)Nc2ccccc21,BIOFACQUIM
FQNP48,C=CC(C)(C)C1(CC(NC(=O)C(O)Cc2ccccc2)C(=O)O)C(=O)Nc2c(O)cccc21,BIOFACQUIM
FQNP50,C=CC(C)(C)c1[nH]c2ccccc2c1CC(NC(=O)C(O)Cc1ccccc1)C(=O)O,BIOFACQUIM
FQNP418,O=C(O)Cc1ccc(O)cc1,BIOFACQUIM
FQNP590,CC1=CCC2C(C)(C)CCCC2(C)C1CCC(C)CC(=O)O,BIOFACQUIM
FQNP592,CC(CCC1C(C)(O)CCC2C(C)(C)CCCC21C)CC(=O)O,BIOFACQUIM
FQNP79,CCCCCCC(CCCCCCCC(CC(=O)O)C1OC(C)C(O)C(O)C1O)OC1OC(C)C(O)C(O)C1OC1OC(CO)C(O)C(O)C1OC1OC(C)C(OC2OC(C)C(O)C(O)C2O)C(OC2OC(CO)C(O)C(O)C2OC2OC(C)C(O)C(O)C2O)C1O,BIOFACQUIM
FQNP78,CCCCCCC(CCCCCCCCCC(=O)O)OC1OC(C)C(O)C(O)C1OC1OC(CO)C(O)C(O)C1OC1OC(C)C(OC2OC(C)C(O)C(O)C2O)C(OC2OC(CO)C(O)C(O)C2OC2OC(C)C(O)C(O)C2O)C1O,BIOFACQUIM
FQNP77,CCCCC(CCCCCCCCCC(=O)O)OC1OC(C)C(O)C(O)C1OC1OC(CO)C(O)C(O)C1OC1OC(C)C(OC2OC(C)C(O)C(O)C2O)C(OC2OC(CO)C(O)C(O)C2OC2OC(C)C(O)C(O)C2O)C1O,BIOFACQUIM
FQNP332,CCCCCC(CCCCCCCCCC(=O)O)OC1OC(C)C(O)C(O)C1OC1CC(CO)C(C)C(O)C1OC1OC(C)C(OC2OC(C)C(O)C(O)C2O)C(O)C1O,BIOFACQUIM
FQNP331,CCCCCC(CCCCCCCCCC(=O)O)OC1OC(C)C(O)C(O)C1OC1OC(CO)C(O)C(O)C1OC1OC(C)C(OC2OC(C)C(O)C(O)C2O)C(CC2OC(CO)C(O)C(O)C2OC2OC(C)C(O)C(O)C2O)C1O,BIOFACQUIM
FQNP330,CCCC(CCCCCCCCCC(=O)O)OC1OC(C)C(O)C(O)C1OC1OC(CO)C(O)C(O)C1OC1OC(C)C(OC2OC(C)C(O)C(O)C2O)C(CC2OC(CO)C(O)C(O)C2OC2OC(C)C(O)C(O)C2O)C1O,BIOFACQUIM
FQNP333,CCCCCC(CCCCCCCCCC(=O)O)OC1OC(CO)C(O)C(O)C1OC1OC(C)C(OC2OC(C)C(OC3OC(C)C(O)C(O)C3O)C(OC3OC(CO)C(O)C(O)C3O)C2O)C(O)C1O,BIOFACQUIM
FQNP542,C=CC1C(OC2OC(CO)C(O)C(O)C2O)OC=C(C(=O)O)C1Cc1nccc2c1[nH]c1ccccc12,BIOFACQUIM
FQNP343,CC1=c2c(C)c(O)c(C(=O)O)c(O)c2=COC1C,BIOFACQUIM
FQNP304,CC1=c2c(C)c(O)c(C(=O)O)c(O)c2=COC1C,BIOFACQUIM
FQNP482,CC(C)C1CCC(C)(O)C2C=CC(C(=O)O)=CC12,BIOFACQUIM
FQNP425,C=C(C(=O)O)C1CC(=O)C2=CCCC(C)C2(C)C1,BIOFACQUIM
FQNP263,O=C(O)C=Cc1ccc(O)cc1,BIOFACQUIM
FQNP173,COc1cc(C=CC(=O)O)ccc1O,BIOFACQUIM
FQNP259,O=C(O)C=Cc1ccc(O)c(O)c1,BIOFACQUIM
FQNP142,CC(=CCCC(C)C1CCC2(C)C3=CCC4C(C)(C)C(O)CCC4(C)C3CCC12C)C(=O)O,BIOFACQUIM
FQNP141,CC(=CCCC(C)C1CCC2(C)C3=CCC4C(C)(C)C(=O)CCC4(C)C3CCC12C)C(=O)O,BIOFACQUIM
FQNP153,CC(=CCCC(C)C1CCC2(C)C3=CCC4C(C)(C)C(O)CCC4(C)C3CCC12C)C(=O)O,BIOFACQUIM
FQNP152,CC(=CCCC(C)C1CCC2(C)C3=CCC4C(C)(C)C(=O)CCC4(C)C3CCC12C)C(=O)O,BIOFACQUIM
FQNP505,CCCCC=CC=CCC(=O)NCC(C)C,BIOFACQUIM
FQNP160,CC1(C)C=Cc2c(ccc(C(=O)CO)c2O)O1,BIOFACQUIM
FQNP15,CC(=O)CCC1(C)C(C)CCC23COC(=O)C2=CC(OC2OC(CO)C(O)C(O)C2O)CC31,BIOFACQUIM
FQNP457,CC(=O)CCCCCCCCCCc1ccc2c(c1)OCO2,BIOFACQUIM
FQNP458,CC(=O)CCCCCCCCCCCCc1ccc2c(c1)OCO2,BIOFACQUIM
FQNP470,CC(=O)CCCCCCCCCCCCCCc1ccccc1,BIOFACQUIM
FQNP459,CC(=O)CCCCCCCCCCCCCCc1ccc2c(c1)OCO2,BIOFACQUIM
FQNP460,CC(=O)CCCCCCCCCCCCCCCCc1ccc2c(c1)OCO2,BIOFACQUIM
FQNP463,CC(=O)CCCCCCCCCCCCCCC=Cc1ccc2c(c1)OCO2,BIOFACQUIM
FQNP462,CC(=O)CCCCCCCCCCCCC=Cc1ccc2c(c1)OCO2,BIOFACQUIM
FQNP461,CC(=O)CCCCCCCCCCC=Cc1ccc2c(c1)OCO2,BIOFACQUIM
FQNP403,Cc1ccc(C(=O)CCC(=O)c2ccc(C)cc2O)c(O)c1,BIOFACQUIM
FQNP568,CCC(=O)c1cc(OC)c(O)c(OC)c1O,BIOFACQUIM
FQNP199,CC(=O)c1ccc(OC2OC(CO)C(O)C(O)C2O)cc1,BIOFACQUIM
FQNP535,COc1cc2oc(=O)ccc2cc1C(C)=O,BIOFACQUIM
FQNP533,CC(=O)c1c(O)ccc2ccc(=O)oc12,BIOFACQUIM
FQNP593,COc1cccc2ccc(C(C)=O)c(O)c12,BIOFACQUIM
FQNP239,CC(=O)c1ccc2c(c1O)C=CC(C)(CO)O2,BIOFACQUIM
FQNP159,CC(=O)c1ccc2c(c1O)C=CC(C)(C)O2,BIOFACQUIM
FQNP38,CC(=O)c1cc(C)c(O)c(C)c1O,BIOFACQUIM
FQNP580,CCC(C)C(=O)C(C)c1cc(O)c(C)c(O)c1C=O,BIOFACQUIM
FQNP536,CC(=O)OC(C)(C)CCC(=O)C(C)(C)C1C(O)CC2(C)C3CCC4C(CC(O)C(C)C4(C)C)C3(C)C(=O)CC12C,BIOFACQUIM
FQNP282,C=C(C)C(C)(C)CCC(C)C1CCC2(C)C3CCC4C(C)(C)C(C(=O)C=Cc5ccc(O)cc5)CCC45CC35CCC12C,BIOFACQUIM
FQNP468,CC(=O)C=CCCCCCCCCCCc1ccc2c(c1)OCO2,BIOFACQUIM
FQNP464,CC(=O)C=CCCCCCCCCCCCCc1ccccc1,BIOFACQUIM
FQNP469,CC(=O)C=CCCCCCCCCCCCCc1ccc2c(c1)OCO2,BIOFACQUIM
FQNP115,C=CC(C)(O)CCCC(C)C(=O)C=CC(C)(C)O,BIOFACQUIM
FQNP139,CC1OC(Oc2cc(O)c3c(=O)c(OC4OC(C)C(O)C(O)C4O)c(-c4ccc(O)cc4)oc3c2)C(O)C(O)C1O,BIOFACQUIM
FQNP197,CC1OC(Oc2c(-c3ccc(O)c(O)c3)oc3cc(O)cc(O)c3c2=O)C(O)C(O)C1O,BIOFACQUIM
FQNP652,O=C1CC(c2ccc(O)cc2)Oc2cc(OC3OC(CO)C(O)C(O)C3O)cc(O)c21,BIOFACQUIM
FQNP21,O=c1cc(-c2ccc(O)cc2)oc2cc(OC3OC(CO)C(O)C(O)C3O)cc(O)c12,BIOFACQUIM
FQNP88,COc1cc(=O)oc2c(OC3OC(CO)C(O)C(O)C3O)ccc(C)c12,BIOFACQUIM
FQNP622,CC1=CC(OC2OC(CO)C(O)C(O)C2O)C(C(C)C)C(O)C1O,BIOFACQUIM
FQNP623,CC1=CC(OC2OC(CO)C(O)C(O)C2O)C(C(C)C)CC1O,BIOFACQUIM
FQNP273,CCC(CCC(C)C1CCC2C3CC=C4CC(OC5OC(CO)C(O)C(O)C5O)CCC4(C)C3CCC12C)C(C)C,BIOFACQUIM
FQNP19,CC1CCC23COC(=O)C2=CC(OC2OC(CO)C(O)C(O)C2O)CC3C1(C)CCc1ccoc1,BIOFACQUIM
FQNP17,COc1oc(O)cc1CCC1(C)C(C)CCC23COC(=O)C2=CC(OC2OC(CO)C(O)C(O)C2O)CC31,BIOFACQUIM
FQNP16,CC1CCC23COC(=O)C2=CC(OC2OC(CO)C(O)C(O)C2O)CC3C1(C)CCc1ccoc1O,BIOFACQUIM
FQNP196,O=c1c(OC2OC(CO)C(O)C(O)C2O)c(-c2ccc(O)c(O)c2)oc2cc(O)cc(O)c12,BIOFACQUIM
FQNP582,CC1OC(OC2C(CO)OC(OC3C(CO)OC(O)C(O)C3O)C(O)C2O)C(O)C(O)C1NC1C=C(CO)C(O)C(O)C1O,BIOFACQUIM
FQNP195,O=c1c(OC2OC(CO)C(O)C(O)C2O)c(-c2ccc(O)c(O)c2)oc2cc(O)cc(O)c12,BIOFACQUIM
FQNP294,CCCCC(C)C(OC(=O)CC(CC(=O)O)C(=O)O)C(OC(=O)CC(CC(=O)O)C(=O)O)C(C)CC(O)CCCCC(O)CC(O)C(C)N,BIOFACQUIM
FQNP157,CC(OC(=O)C=Cc1cccc(O)c1)C(=O)C1CC1C(O)C1C=CCC(=O)O1,BIOFACQUIM
FQNP156,COc1ccc(C=CC(=O)OC(C)C(=O)C2CC2C(O)C2C=CCC(=O)O2)cc1,BIOFACQUIM
FQNP155,CC(OC(=O)C=Cc1ccc(O)cc1)C(=O)C1CC1C(O)C1C=CCC(=O)O1,BIOFACQUIM
FQNP158,COc1ccc(C=CC(=O)OC(C)C(=O)C2CC2C(O)C2C=CCC(=O)O2)cc1O,BIOFACQUIM
FQNP33,CC1Cc2c(O)c(OC3OC(CO)C(O)C3O)cc(O)c2C(=O)O1,BIOFACQUIM
FQNP653,OCC1OC(OC2(CO)OC(CO)C(O)C2O)C(O)C(O)C1O,BIOFACQUIM
FQNP120,OCC1OC(OC2OC(CO)C(O)C(O)C2O)C(O)C(O)C1O,BIOFACQUIM
FQNP39,CCCCC(OC1OC(CO)C(OC)C(OC)C1O)C1C=C(OC)CC(=O)O1,BIOFACQUIM
FQNP59,COc1ccc(C=CC(=O)OC(C)C2CCC(C(O)C3C=CCC(=O)O3)O2)cc1,BIOFACQUIM
FQNP60,CC(OC(=O)C=Cc1ccc(O)cc1)C1CCC(C(O)C2C=CCC(=O)O2)O1,BIOFACQUIM
FQNP61,COc1ccc(C=CC(=O)OC(C)C2CCC(C(O)C3C=CCC(=O)O3)O2)cc1,BIOFACQUIM
FQNP62,CC(OC(=O)C=Cc1ccc(O)cc1)C1CCC(C(O)C2C=CCC(=O)O2)O1,BIOFACQUIM
FQNP63,CC(OC(=O)C=Cc1ccc(O)c(O)c1)C1CCC(C(O)C2C=CCC(=O)O2)O1,BIOFACQUIM
FQNP291,Cc1ccc(C(C)C(C)CC(OC2OC(CO)C(O)C(O)C2OC2OCC(O)C(O)C2O)C(C)(C)O)cc1O,BIOFACQUIM
FQNP193,N#CC(OC1OC(CO)C(O)C(O)C1O)c1ccccc1,BIOFACQUIM
FQNP228,COc1cc(OOC2OCC(O)C(O)C2O)c2c(-c3ccc(O)c(O)c3)cc(=O)oc2c1,BIOFACQUIM
FQNP227,COc1cc(OOC2OCC(CO)C(O)C2O)c2c(-c3ccc(O)c(O)c3)cc(=O)oc2c1,BIOFACQUIM
FQNP225,O=c1cc(-c2ccc(O)c(O)c2)c2c(OOC3OCC(O)C(O)C3O)cc(O)cc2o1,BIOFACQUIM
FQNP616,Cc1cc2c(C(C)C)ccc(C)c2cc1OCc1ccccc1,BIOFACQUIM
FQNP137,COc1cc(OC2OC(COC3OCC(O)(CO)C3O)C(O)C(O)C2O)c2c(-c3ccc(O)c(O)c3)cc(=O)oc2c1,BIOFACQUIM
FQNP226,COc1cc(OC2OC(COC3OCC(O)C(O)C3O)C(O)C(O)C2O)c2c(-c3ccc(O)c(O)c3)cc(=O)oc2c1,BIOFACQUIM
FQNP224,O=c1cc(-c2ccc(O)c(O)c2)c2c(OC3OC(COC4OCC(O)C(O)C4O)C(O)C(O)C3O)cc(O)cc2o1,BIOFACQUIM
FQNP247,CC(C)=CCOc1c2ccoc2cc2oc(=O)ccc12,BIOFACQUIM
FQNP253,CC(C)(O)C(O)COc1c2ccoc2cc2oc(=O)ccc12,BIOFACQUIM
FQNP478,CC(C)=CCOc1ccc2ccc(=O)oc2c1,BIOFACQUIM
FQNP200,COc1ccc(OC2OC(CO)C(O)C(O)C2O)cc1,BIOFACQUIM
FQNP124,COc1ccc(CO)cc1,BIOFACQUIM
FQNP109,COc1ccc(-c2cc(=O)c3c(O)cc(O)cc3o2)cc1,BIOFACQUIM
FQNP222,COc1ccc(-c2oc3cc(O)cc(O)c3c(=O)c2O)cc1,BIOFACQUIM
FQNP242,COc1ccc2ccc(=O)oc2c1,BIOFACQUIM
FQNP539,COc1cc(OC2OC(CO)C(O)C(O)C2O)c2c(-c3ccc(O)c(O)c3)cc(O)cc2c1,BIOFACQUIM
FQNP540,COc1cc(OC2OC(CO)C(O)C(O)C2O)c2c(-c3ccc(O)c(O)c3)cc(O)cc2c1,BIOFACQUIM
FQNP312,COc1cc(O)cc(CCc2ccc(O)cc2)c1,BIOFACQUIM
FQNP313,COc1cccc(CCc2cc(O)cc(OC)c2)c1,BIOFACQUIM
FQNP130,COc1cc(O)cc(CCc2cccc(O)c2)c1,BIOFACQUIM
FQNP392,COc1cc(C)c2c(=O)c3c(O)cc(OC)cc3oc2c1,BIOFACQUIM
FQNP220,COc1cc(O)c2c(c1)OC(c1ccccc1)C(=O)C2O,BIOFACQUIM
FQNP221,COc1cc(O)c2c(c1)OC(c1ccccc1)CC2=O,BIOFACQUIM
FQNP244,COc1ccc(-c2cc(=O)c3c(O)cc(OC)cc3o2)cc1,BIOFACQUIM
FQNP164,COc1cc(O)c2c(=O)cc(-c3ccc(O)cc3)oc2c1,BIOFACQUIM
FQNP371,COc1cc(O)c2c(c1)CCc1cc(O)ccc1-2,BIOFACQUIM
FQNP558,COc1ccc(C2COc3cc(O)ccc3C2)c(O)c1,BIOFACQUIM
FQNP249,COc1c2occc2cc2ccc(=O)oc12,BIOFACQUIM
FQNP107,COc1c2c(cc3ccoc13)C(=O)C1(O)c3cc4c(cc3OCC1O2)OCO4,BIOFACQUIM
FQNP28,COC1=CC(=O)c2c(O)cc(OC)c3c2=C1CC1(C=3)C(OC)=CC(=O)c2c(O)cc(OC)cc21,BIOFACQUIM
FQNP254,COc1c2ccoc2cc2oc(=O)ccc12,BIOFACQUIM
FQNP641,COc1cccc2c1cc1c3c(cc4c(c32)OCO4)C(=O)N1,BIOFACQUIM
FQNP300,COc1cc(OC)c2c(O)c3c(c(OC)c2c1)OC(C)C(C)C3=O,BIOFACQUIM
FQNP296,COc1cc(OC)c2c(O)c3c(c(OC)c2c1)OC(C)C(C)C3=O,BIOFACQUIM
FQNP298,COc1cc(OC)c2c(O)c3c(c(OC)c2c1)OC(C)CC3=O,BIOFACQUIM
FQNP341,COc1cc(OC)c2c(O)c3c(=O)cc(C)oc3c(OC)c2c1,BIOFACQUIM
FQNP340,COc1cc(OC)c2c(O)c3c(=O)c(C)c(C)oc3c(OC)c2c1,BIOFACQUIM
FQNP299,COc1cc(OC)c2c(O)c3c(cc2c1)OC(C)C(C)C3=O,BIOFACQUIM
FQNP295,COc1cc(OC)c2c(O)c3c(cc2c1)OC(C)C(C)C3=O,BIOFACQUIM
FQNP297,COc1cc(OC)c2c(O)c3c(cc2c1)OC(C)CC3=O,BIOFACQUIM
FQNP302,COc1cc(OC)c2c(O)c3c(=O)cc(C)oc3cc2c1,BIOFACQUIM
FQNP301,COc1cc(OC)c2c(O)c3c(=O)c(C)c(C)oc3cc2c1,BIOFACQUIM
FQNP188,COc1cc(C)c2c(OC)cc(O)c3c2c1C(=O)OC3OC,BIOFACQUIM
FQNP27,COC1=C2C3=c4c(c(O)cc(OC)c4=CC2(C)C(=O)C(=O)C1)C(=O)CC3OC,BIOFACQUIM
FQNP621,COc1c2c(cc3c1OCO3)C(c1ccc3c(c1)OCO3)C1C(=O)OCC1C2,BIOFACQUIM
FQNP172,C=CCc1cc(OC)c2c(c1)OCO2,BIOFACQUIM
FQNP218,COc1cc(O)cc2c1C(=O)C(O)C(c1ccccc1)O2,BIOFACQUIM
FQNP321,COc1cc(O)cc2c1C(=O)OC(C)CCCCCCC2,BIOFACQUIM
FQNP42,COc1cccc2c1C(=O)OC(C)C2,BIOFACQUIM
FQNP29,COC1=CC(=O)c2c(O)cc(OC)c3c2C1(O)COC3=O,BIOFACQUIM
FQNP30,COc1cc(=O)c2c(=O)cc(OC)c3c(O)occ1c32,BIOFACQUIM
FQNP187,C=c1cc(OC)c2c(=O)occ3c(OC)cc(O)c1c32,BIOFACQUIM
FQNP219,COc1cc(O)cc2c1C(=O)CC(c1ccccc1)O2,BIOFACQUIM
FQNP307,COc1cc(O)cc2c1C(=O)CC(c1ccc(O)c(-c3c(O)cc4oc(-c5ccc(O)cc5)cc(=O)c4c3O)c1)O2,BIOFACQUIM
FQNP543,COc1c2c(cc3oc(C)cc(=O)c13)OC(C(C)(C)O)C2,BIOFACQUIM
FQNP596,COc1cccc2c1C(=O)C1=C(CC(C)OC1C)C2(OC)c1ccc2cc3c(c(O)c2c1O)C(=O)CC(C)(O)C3,BIOFACQUIM
FQNP594,COc1cc(OC)c2c(c1)C(OC)(c1ccc3cc4c(c(O)c3c1O)C(=O)CCC4)C1=C(C2=O)C(C)OC(C)C1,BIOFACQUIM
FQNP597,COc1cccc2c1C(=O)C1=C(CC(C)OC1C)C2(OC)c1ccc2cc3cc(C)cc(O)c3c(O)c2c1O,BIOFACQUIM
FQNP598,COc1cccc2c1C(=O)C1=C(CC(C)OC1C)C2(OC)c1ccc2c(c1O)C(=O)c1c(O)cc(C)cc1C2=O,BIOFACQUIM
FQNP595,COc1cc(OC)c2c(c1)C(OC)(c1ccc3c(c1O)C(=O)c1c(O)cc(C)cc1C3=O)C1=C(C2=O)C(C)OC(C)C1,BIOFACQUIM
FQNP223,COc1cc(O)cc2oc(-c3ccccc3)c(O)c(=O)c12,BIOFACQUIM
FQNP388,COc1c(C2OCC3C(c4ccc5c(c4OC)OCO5)OCC23)ccc2c1OCO2,BIOFACQUIM
FQNP14,COc1cc(-c2cc(=O)c3c(O)c(O)c(OC)cc3o2)ccc1Oc1ccc(-c2cc(=O)c3c(O)c(O)c(OC)cc3o2)cc1OC,BIOFACQUIM
FQNP386,COc1ccc(C2OCC3C(c4ccc5c(c4)OCO5)OCC23)cc1OC,BIOFACQUIM
FQNP385,COc1ccc(C2OCC3C(c4ccc5c(c4C)OCO5)OCC23)cc1OC,BIOFACQUIM
FQNP311,COc1cc(CCc2ccc(OC)c(OC)c2)cc(OC)c1,BIOFACQUIM
FQNP22,COc1ccc(-c2cc(=O)c3c(O)c(O)c(OC)cc3o2)cc1OC,BIOFACQUIM
FQNP503,COc1ccc(C2OCC3C(c4ccc5c(c4)OCO5)OCC23)cc1OC,BIOFACQUIM
FQNP131,COc1cc(O)c2c(=O)c(OC)c(-c3ccc(OC)c(OC)c3)oc2c1,BIOFACQUIM
FQNP243,COc1cc2ccc(=O)oc2cc1OC,BIOFACQUIM
FQNP105,C=C(C)C1Cc2c(ccc3c2OC2COc4cc(OC)c(OC)cc4C2C3=O)O1,BIOFACQUIM
FQNP642,COc1cc2c3c(c(OC)c4c(OC)cccc4c3c1OC)NC2=O,BIOFACQUIM
FQNP362,COc1cc(O)c2c(=O)c(O)c(-c3ccccc3)oc2c1OC,BIOFACQUIM
FQNP278,COc1cc(CCc2cc(O)c(OC)c(OC)c2)ccc1O,BIOFACQUIM
FQNP566,C=CCc1cc(OC)c(OC)c(OC)c1,BIOFACQUIM
FQNP400,COc1c(O)cc2cc(OC)c3cc(O)ccc3c2c1OC,BIOFACQUIM
FQNP279,COc1cc2cc(OC)c3cccc(O)c3c2c(OC)c1OC,BIOFACQUIM
FQNP318,COc1c(O)cc2cc(OC)c3cccc(O)c3c2c1OC,BIOFACQUIM
FQNP280,COc1c(O)cc2c(c1OC)-c1ccc(O)cc1CC2,BIOFACQUIM
FQNP387,COc1cc(C2OCC3C(c4ccc5c(c4C)OCO5)OCC23)ccc1O,BIOFACQUIM
FQNP310,COc1cc(CCc2ccc(O)c(OC)c2)cc(OC)c1,BIOFACQUIM
FQNP129,COc1cc(O)cc(CCc2ccc(O)c(OC)c2)c1,BIOFACQUIM
FQNP626,COc1cc(-c2cc(=O)c3c(O)cc(O)cc3o2)ccc1O,BIOFACQUIM
FQNP132,COc1cc(O)c2c(=O)c(OC)c(-c3ccc(O)c(OC)c3)oc2c1,BIOFACQUIM
FQNP165,COc1cc(-c2oc3cc(O)cc(O)c3c(=O)c2O)ccc1O,BIOFACQUIM
FQNP255,COc1cc2oc(=O)ccc2cc1O,BIOFACQUIM
FQNP256,COc1cc2ccc(=O)oc2cc1O,BIOFACQUIM
FQNP361,COc1c(-c2ccccc2)oc2c(OC)c(O)cc(O)c2c1=O,BIOFACQUIM
FQNP110,COc1ccc(-c2cc(=O)c3c(O)cc(O)cc3o2)cc1O,BIOFACQUIM
FQNP618,COc1cc(O)c2c(c1)OC(c1ccc(OC)c(O)c1)CC2=O,BIOFACQUIM
FQNP560,COc1ccc2c(c1O)OC1c3ccc(OC)c(O)c3OCC21,BIOFACQUIM
FQNP559,COc1ccc2c(c1)OC1c3ccc(OC)c(O)c3OCC21,BIOFACQUIM
FQNP112,COc1ccc(-c2cc(=O)c3c(O)c(OC)c(O)cc3o2)cc1OC,BIOFACQUIM
FQNP113,COc1cc(-c2cc(=O)c3c(O)c(OC)c(O)cc3o2)ccc1O,BIOFACQUIM
FQNP1,COc1ccc(-c2oc3cc(O)c(OC)c(O)c3c(=O)c2OC)cc1,BIOFACQUIM
FQNP530,COc1c(O)cc2oc(-c3ccc(O)c(O)c3)c(O)c(=O)c2c1O,BIOFACQUIM
FQNP316,COc1cc2c(c(O)c1OC)-c1ccc(O)cc1CC2,BIOFACQUIM
FQNP556,COc1ccc(C2COc3cc(O)ccc3C2)c(OC)c1O,BIOFACQUIM
FQNP128,COc1cc2ccc3cc(O)ccc3c2c(OC)c1O,BIOFACQUIM
FQNP127,COc1cc2ccc3c(OC)c(O)ccc3c2c(OC)c1O,BIOFACQUIM
FQNP369,COc1cc2c(c(OC)c1O)-c1ccc(O)cc1CC2,BIOFACQUIM
FQNP126,COc1cc2c(c(OC)c1O)-c1ccc(O)c(OC)c1CC2,BIOFACQUIM
FQNP567,COc1cc(C2OCC3C(c4cc(OC)c(O)c(OC)c4)OCC23)cc(OC)c1O,BIOFACQUIM
FQNP364,COc1cc(CCc2cc(OC)c(O)c(OC)c2)ccc1O,BIOFACQUIM
FQNP20,COc1cc2oc(-c3ccc(O)c(O)c3)cc(=O)c2c(O)c1O,BIOFACQUIM
FQNP248,COc1ccc2ccc(=O)oc2c1CC=C(C)C,BIOFACQUIM
FQNP557,COc1c(CC=C(C)C)c(O)cc2c1-c1oc3cc(O)ccc3c1CO2,BIOFACQUIM
FQNP108,COc1cc2c(cc1-c1cc3cc4ccoc4cc3oc1=O)OCO2,BIOFACQUIM
FQNP31,COC1=CC(=O)c2c(O)cc(OC)c(C)c2C1=O,BIOFACQUIM
FQNP554,COC12CC3OC(C)(C1O)C1(O2)C(C)OC(O)CC31OC,BIOFACQUIM
FQNP18,COc1cc(CCC2(C)C(C)CCC34COC(=O)C3=CC(OC3OC(CO)C(O)C(O)C3O)CC42)c(O)o1,BIOFACQUIM
FQNP44,COC1CC(=O)C2OC2(C)C1=O,BIOFACQUIM
FQNP7,COC1CC(=O)C2OC2(C)C1=O,BIOFACQUIM
FQNP12,COC1CC(=O)C(Nc2ccccc2)C(C)(O)C1=O,BIOFACQUIM
FQNP45,COC1CC(=O)CC(C)(O)C1=O,BIOFACQUIM
FQNP587,COc1oc(=O)c2c(O)c(C)cc3c2c1C=CC3OC,BIOFACQUIM
FQNP363,COC1=CC(=O)CC12CCc1cccc(O)c1C2=O,BIOFACQUIM
FQNP436,C=C(C)C1(O)OC(=O)C=C1OC,BIOFACQUIM
FQNP367,COc1cc(O)c2c(ccc3cc(O)ccc32)c1O,BIOFACQUIM
FQNP9,COC1=C(O)C(=O)C(O)=C(C)C1=O,BIOFACQUIM
FQNP8,COC1=CC(=O)C(O)=C(C)C1=O,BIOFACQUIM
FQNP13,CCCCc1ccc(NC2=C(C)C(=O)C(OC)=CC2=O)cc1,BIOFACQUIM
FQNP651,COC1C(O)C(O)C(O)C(O)C1O,BIOFACQUIM
FQNP286,CC1(C)c2[nH]c3cc(Cl)ccc3c2CC23CN4CCCC4(CC21)C(=O)N3,BIOFACQUIM
FQNP32,O=C1C=Cc2ccc(Cl)c(O)c2CO1,BIOFACQUIM
FQNP95,CC(=O)Cc1cc(O)c2c(O)c3c(O)c(Cl)c(O)cc3c(O)c2c1,BIOFACQUIM
FQNP285,CC1(C)c2[nH]c3cc(Cl)c(Cl)cc3c2CC23CN4CCCC4(CC21)C(=O)N3,BIOFACQUIM
FQNP10,COC1CC(=O)C(Cl)C(C)(O)C1=O,BIOFACQUIM
FQNP511,CC1=CCC2CC=C(C)C(CCC(C)=CCC1)C2(C)C,BIOFACQUIM
FQNP512,C=C1CCC=C(C)CCC2=C(C)CCC(CC1)C2(C)C,BIOFACQUIM
FQNP504,C=C1CCC2OC2(C)CCC2C1CC2(C)C,BIOFACQUIM
FQNP510,C=C1CCC2CC=C(C)CCC=C(C)CCC1C2(C)C,BIOFACQUIM
FQNP246,C=C1CCC2OC2(C)CCC2C1CC2(C)C,BIOFACQUIM
FQNP245,C=C1CCC=C(C)CCC2C1CC2(C)C,BIOFACQUIM
FQNP481,CC1=CCC(C(C)C)c2cc(C)c(C)cc21,BIOFACQUIM
